address,zip,city,area,region,sqft,sold_price,sold_date,original_ask,final_ask,price_changes,relisted,campaign_days,days_to_pending,vs_original,negotiated,ppsf
5104 S 368th St,98001,Auburn,Auburn & Pacific,South King,1440.0,535000,2026-09-21,565000.0,565000.0,0,False,48.0,14.0,-0.053097345132743334,-0.053097345132743334,371.52777777777777
30024 44th Ct S,98001,Auburn,Auburn & Pacific,South King,1620.0,525000,2026-09-16,525000.0,525000.0,0,False,40.0,6.0,0.0,0.0,324.0740740740741
36050 Military Rd S,98001,Auburn,Auburn & Pacific,South King,1040.0,450000,2026-09-15,462500.0,449900.0,1,False,70.0,24.0,-0.027027027027026973,0.0002222716159145932,432.6923076923077
34203 44th Ave S,98001,Auburn,Auburn & Pacific,South King,1940.0,570000,2026-09-11,599000.0,599000.0,0,False,49.0,17.0,-0.048414023372287174,-0.048414023372287174,293.8144329896907
32133 37th Pl S,98001,Federal Way,Auburn & Pacific,South King,2420.0,680000,2026-09-11,699000.0,699000.0,0,False,36.0,5.0,-0.027181688125894166,-0.027181688125894166,280.9917355371901
29115 45th Pl S,98001,Auburn,Auburn & Pacific,South King,1250.0,400000,2026-09-09,395000.0,395000.0,0,False,28.0,3.0,0.012658227848101333,0.012658227848101333,320.0
34020 39th Ave S,98001,Auburn,Auburn & Pacific,South King,1120.0,600000,2026-09-09,574900.0,574900.0,0,True,210.0,118.0,0.0436597669159855,0.0436597669159855,535.7142857142857
809 Celery Ave,98001,Algona,Auburn & Pacific,South King,1707.0,536000,2026-09-08,495000.0,495000.0,0,False,54.0,37.0,0.08282828282828292,0.08282828282828292,314.00117164616285
29804 43rd Pl S,98001,Auburn,Auburn & Pacific,South King,2090.0,410000,2026-09-04,450000.0,450000.0,0,False,15.0,2.0,-0.0888888888888889,-0.0888888888888889,196.17224880382776
4519 S 313th St,98001,Auburn,Auburn & Pacific,South King,2211.0,658000,2026-09-02,675000.0,675000.0,0,False,48.0,16.0,-0.0251851851851852,-0.0251851851851852,297.60289461781997
2412 U St NW,98001,Auburn,Auburn & Pacific,South King,2080.0,599950,2026-09-01,599950.0,599950.0,0,False,47.0,18.0,0.0,0.0,288.4375
29922 34th Ave S,98001,Auburn,Auburn & Pacific,South King,1580.0,594000,2026-08-31,615000.0,599000.0,1,False,131.0,98.0,-0.034146341463414664,-0.008347245409014992,375.9493670886076
212 2nd Ave N,98001,Algona,Auburn & Pacific,South King,1670.0,579950,2026-08-28,579950.0,579950.0,0,False,27.0,8.0,0.0,0.0,347.2754491017964
1008 R St NW,98001,Auburn,Auburn & Pacific,South King,2190.0,650000,2026-08-27,715000.0,650000.0,3,False,113.0,83.0,-0.09090909090909094,0.0,296.80365296803654
36031 32nd Ave S,98001,Auburn,Auburn & Pacific,South King,1840.0,670000,2026-08-26,670000.0,670000.0,0,False,61.0,50.0,0.0,0.0,364.1304347826087
29009 46th Pl S,98001,Auburn,Auburn & Pacific,South King,1320.0,560000,2026-08-26,570000.0,560000.0,1,False,104.0,77.0,-0.01754385964912286,0.0,424.24242424242425
336 S Division St,98001,Auburn,Auburn & Pacific,South King,1210.0,449950,2026-08-25,449950.0,449950.0,0,False,49.0,9.0,0.0,0.0,371.8595041322314
5018 S 279th St,98001,Auburn,Auburn & Pacific,South King,2340.0,875000,2026-08-24,975000.0,875000.0,2,True,87.0,68.0,-0.10256410256410253,0.0,373.9316239316239
404 12th St SE,98002,Auburn,Auburn & Pacific,South King,1830.0,570000,2026-09-18,570000.0,570000.0,0,False,34.0,14.0,0.0,0.0,311.4754098360656
1447 33rd St SE,98002,Auburn,Auburn & Pacific,South King,2070.0,599450,2026-09-18,599450.0,599450.0,0,False,31.0,7.0,0.0,0.0,289.58937198067633
1705 19th Dr NE,98002,Auburn,Auburn & Pacific,South King,930.0,400000,2026-09-18,375000.0,375000.0,0,False,29.0,3.0,0.06666666666666665,0.06666666666666665,430.10752688172045
1708 5th St NE,98002,Auburn,Auburn & Pacific,South King,1740.0,560000,2026-09-17,575000.0,575000.0,0,False,35.0,8.0,-0.02608695652173909,-0.02608695652173909,321.8390804597701
711 6th St SE,98002,Auburn,Auburn & Pacific,South King,1010.0,510000,2026-09-17,525000.0,525000.0,0,False,42.0,13.0,-0.02857142857142858,-0.02857142857142858,504.9504950495049
1806 19th Dr NE,98002,Auburn,Auburn & Pacific,South King,1980.0,620000,2026-09-14,610000.0,610000.0,0,False,46.0,12.0,0.016393442622950838,0.016393442622950838,313.1313131313131
2515 25th Pl SE,98002,Auburn,Auburn & Pacific,South King,1300.0,529950,2026-09-11,529950.0,529950.0,0,False,37.0,7.0,0.0,0.0,407.65384615384613
1318 F St SE,98002,Auburn,Auburn & Pacific,South King,1840.0,480000,2026-09-10,525000.0,495000.0,2,False,51.0,25.0,-0.08571428571428574,-0.030303030303030276,260.8695652173913
608 24th St SE,98002,Auburn,Auburn & Pacific,South King,910.0,300000,2026-09-09,299000.0,299000.0,0,False,33.0,6.0,0.0033444816053511683,0.0033444816053511683,329.6703296703297
606 25th St SE,98002,Auburn,Auburn & Pacific,South King,1000.0,499995,2026-09-09,535000.0,499995.0,2,False,83.0,54.0,-0.06542990654205605,0.0,499.995
2555 Forest Ridge Dr SE,98002,Auburn,Auburn & Pacific,South King,1840.0,630000,2026-09-04,610000.0,610000.0,0,False,36.0,7.0,0.032786885245901676,0.032786885245901676,342.39130434782606
1902 19th Dr NE,98002,Auburn,Auburn & Pacific,South King,1460.0,550000,2026-08-28,539000.0,539000.0,0,False,43.0,5.0,0.020408163265306145,0.020408163265306145,376.71232876712327
201 K St NE,98002,Auburn,Auburn & Pacific,South King,1940.0,625000,2026-08-27,625000.0,625000.0,0,False,38.0,3.0,0.0,0.0,322.16494845360825
1000 D St SE,98002,Auburn,Auburn & Pacific,South King,940.0,456000,2026-08-26,475000.0,450000.0,2,False,69.0,34.0,-0.040000000000000036,0.01333333333333342,485.1063829787234
30807 1st Pl S,98003,Federal Way,Federal Way,South King,1870.0,655000,2026-09-21,670000.0,670000.0,0,False,50.0,3.0,-0.02238805970149249,-0.02238805970149249,350.26737967914437
824 S Marine Hills Way,98003,Federal Way,Federal Way,South King,3010.0,1300000,2026-09-18,1200000.0,1200000.0,0,False,23.0,5.0,0.08333333333333326,0.08333333333333326,431.8936877076412
30320 11th Pl S,98003,Federal Way,Federal Way,South King,2983.0,958788,2026-09-17,958788.0,958788.0,0,False,268.0,0.0,0.0,0.0,321.41736506872275
28407 22nd Ave S,98003,Federal Way,Federal Way,South King,1665.0,615000,2026-09-17,619950.0,619950.0,0,False,42.0,15.0,-0.00798451488023233,-0.00798451488023233,369.3693693693694
2527 S 286th St,98003,Federal Way,Federal Way,South King,1550.0,489950,2026-09-16,489950.0,489950.0,0,False,34.0,8.0,0.0,0.0,316.0967741935484
2618 S 379th Pl,98003,Federal Way,Federal Way,South King,1930.0,615000,2026-09-15,650000.0,617500.0,1,False,81.0,44.0,-0.05384615384615388,-0.004048582995951455,318.65284974093265
31245 9th Ave S,98003,Federal Way,Federal Way,South King,1780.0,530000,2026-09-11,524900.0,524900.0,0,False,32.0,6.0,0.009716136406934694,0.009716136406934694,297.75280898876406
1952 S 371st Pl,98003,Federal Way,Federal Way,South King,2460.0,760000,2026-09-10,770000.0,770000.0,0,False,104.0,73.0,-0.012987012987012991,-0.012987012987012991,308.9430894308943
28041 14th Ct S,98003,Federal Way,Federal Way,South King,2460.0,750000,2026-09-04,769000.0,749500.0,2,False,105.0,61.0,-0.024707412223667125,0.0006671114076051143,304.8780487804878
30449 2nd Ave S,98003,Federal Way,Federal Way,South King,1404.0,530000,2026-09-04,515000.0,515000.0,0,False,43.0,18.0,0.029126213592232997,0.029126213592232997,377.4928774928775
31624 3rd Pl S,98003,Federal Way,Federal Way,South King,1800.0,525000,2026-09-04,499950.0,499950.0,0,False,28.0,2.0,0.050105010501050096,0.050105010501050096,291.6666666666667
28433 Old Military Rd S,98003,Federal Way,Federal Way,South King,1100.0,549950,2026-09-03,549950.0,549950.0,0,False,70.0,41.0,0.0,0.0,499.95454545454544
235 S 329th Ln,98003,Federal Way,Federal Way,South King,1470.0,459995,2026-09-01,499950.0,459995.0,4,False,138.0,125.0,-0.07991799179917991,0.0,312.921768707483
1848 S 312th St,98003,Federal Way,Federal Way,South King,2470.0,815000,2026-08-31,825000.0,825000.0,0,False,52.0,24.0,-0.012121212121212088,-0.012121212121212088,329.9595141700405
2317 S 278th Ct,98003,Federal Way,Federal Way,South King,1190.0,580000,2026-08-31,574950.0,574950.0,0,False,32.0,6.0,0.008783372467171091,0.008783372467171091,487.39495798319325
28425 15th Pl S,98003,Federal Way,Federal Way,South King,1530.0,438000,2026-08-28,499000.0,430000.0,3,False,148.0,133.0,-0.12224448897795592,0.018604651162790642,286.27450980392155
143 S 297th Pl,98003,Federal Way,Federal Way,South King,2190.0,615000,2026-08-28,675000.0,615000.0,2,False,58.0,41.0,-0.0888888888888889,0.0,280.82191780821915
28226 15th Ave S,98003,Federal Way,Federal Way,South King,1720.0,610000,2026-08-26,655000.0,655000.0,0,True,68.0,39.0,-0.06870229007633588,-0.06870229007633588,354.6511627906977
35745 26th Ave S,98003,Federal Way,Federal Way,South King,2350.0,560000,2026-08-25,619777.0,619777.0,0,False,70.0,45.0,-0.09644920673080803,-0.09644920673080803,238.29787234042553
10856 NE 12th St,98004,Bellevue,Bellevue West & Medina,Central Eastside,4491.0,3918000,2026-09-18,4378000.0,4378000.0,0,True,92.0,81.0,-0.10507080858839657,-0.10507080858839657,872.4114896459586
1315 102nd Ave NE,98004,Bellevue,Bellevue West & Medina,Central Eastside,1550.0,1750000,2026-09-17,1899000.0,1899000.0,0,True,126.0,98.0,-0.07846234860452872,-0.07846234860452872,1129.032258064516
2615 93rd Pl NE,98004,Clyde Hill,Bellevue West & Medina,Central Eastside,3040.0,2275000,2026-09-17,2350000.0,2350000.0,0,False,21.0,10.0,-0.03191489361702127,-0.03191489361702127,748.3552631578947
10260 Kaylen Pl,98004,Bellevue,Bellevue West & Medina,Central Eastside,3940.0,3200000,2026-09-16,3050000.0,3050000.0,0,False,82.0,21.0,0.049180327868852514,0.049180327868852514,812.1827411167512
9345 NE 19th St,98004,Clyde Hill,Bellevue West & Medina,Central Eastside,6310.0,9000000,2026-09-14,11500000.0,9500000.0,2,False,129.0,94.0,-0.21739130434782605,-0.052631578947368474,1426.3074484944532
250 110th Pl SE,98004,Bellevue,Bellevue West & Medina,Central Eastside,1752.0,1575000,2026-09-14,1550000.0,1550000.0,0,False,26.0,6.0,0.016129032258064502,0.016129032258064502,898.972602739726
79 110th Ave SE,98004,Bellevue,Bellevue West & Medina,Central Eastside,1870.0,1830000,2026-09-04,1880000.0,1880000.0,0,False,29.0,6.0,-0.02659574468085102,-0.02659574468085102,978.6096256684492
805 92nd Ave NE,98004,Bellevue,Bellevue West & Medina,Central Eastside,4978.0,3800000,2026-09-03,4495000.0,4295000.0,1,True,134.0,107.0,-0.1546162402669633,-0.11525029103608853,763.3587786259542
1918 94th Ave NE,98004,Clyde Hill,Bellevue West & Medina,Central Eastside,6922.0,11000000,2026-09-01,11500000.0,11500000.0,0,False,187.0,62.0,-0.04347826086956519,-0.04347826086956519,1589.1360878358855
1016 Sunset Way,98004,Bellevue,Bellevue West & Medina,Central Eastside,1503.0,2320000,2026-08-31,2399000.0,2399000.0,0,False,39.0,8.0,-0.03293038766152567,-0.03293038766152567,1543.5795076513639
2055 94th Ave NE,98004,Clyde Hill,Bellevue West & Medina,Central Eastside,3470.0,3725000,2026-08-28,3795000.0,3795000.0,0,False,36.0,17.0,-0.01844532279314892,-0.01844532279314892,1073.487031700288
3029 92nd Ave NE,98004,Clyde Hill,Bellevue West & Medina,Central Eastside,2027.0,2340000,2026-08-28,2500000.0,2500000.0,0,False,30.0,18.0,-0.06399999999999995,-0.06399999999999995,1154.4153922052294
9607 NE 30th Pl,98004,Clyde Hill,Bellevue West & Medina,Central Eastside,6691.0,7800000,2026-08-26,8795000.0,8795000.0,0,False,194.0,153.0,-0.11313246162592383,-0.11313246162592383,1165.7450306381706
10630 NE 18th St,98004,Bellevue,Bellevue West & Medina,Central Eastside,2260.0,2320000,2026-08-24,2798000.0,2550000.0,2,False,115.0,79.0,-0.1708363116511794,-0.09019607843137256,1026.5486725663716
11880 NE 36th Pl,98005,Bellevue,Bellevue West & Medina,Central Eastside,2860.0,1500000,2026-09-17,1749990.0,1749990.0,0,False,57.0,43.0,-0.14285224486997072,-0.14285224486997072,524.4755244755245
12909 NE 28th St,98005,Bellevue,Bellevue West & Medina,Central Eastside,1770.0,1710000,2026-09-17,1750000.0,1750000.0,0,False,42.0,14.0,-0.02285714285714291,-0.02285714285714291,966.1016949152543
3825 132nd Ave NE,98005,Bellevue,Bellevue West & Medina,Central Eastside,5028.0,2720000,2026-09-17,2898000.0,2750000.0,1,False,70.0,43.0,-0.06142167011732225,-0.010909090909090868,540.9705648369132
12168 SE 17th Pl,98005,Bellevue,Bellevue West & Medina,Central Eastside,3436.0,2198000,2026-09-11,2198000.0,2198000.0,0,False,30.0,9.0,0.0,0.0,639.697322467986
14019 NE 46th Ct,98005,Bellevue,Bellevue West & Medina,Central Eastside,5792.0,5795990,2026-09-10,5795990.0,5795990.0,0,False,247.0,2.0,0.0,0.0,1000.6888812154696
2501 134th Ave SE,98005,Bellevue,Bellevue West & Medina,Central Eastside,3750.0,2000000,2026-09-09,2000000.0,2000000.0,0,False,33.0,2.0,0.0,0.0,533.3333333333334
5013 140th Ave NE,98005,Bellevue,Bellevue West & Medina,Central Eastside,3110.0,2255000,2026-09-03,2350000.0,2350000.0,0,False,70.0,45.0,-0.04042553191489362,-0.04042553191489362,725.08038585209
13730 SE 20th St,98005,Bellevue,Bellevue West & Medina,Central Eastside,2325.0,1250000,2026-08-27,1500000.0,1500000.0,0,True,83.0,59.0,-0.16666666666666663,-0.16666666666666663,537.6344086021505
13419 NE 50th St,98005,Bellevue,Bellevue West & Medina,Central Eastside,5792.0,5998000,2026-08-27,6000000.0,6000000.0,0,False,223.0,0.0,-0.0003333333333332966,-0.0003333333333332966,1035.5662983425414
4333 123rd Ave SE,98006,Bellevue,Bellevue South & Newcastle,Central Eastside,2573.0,1150000,2026-09-18,1280000.0,1280000.0,0,False,53.0,21.0,-0.1015625,-0.1015625,446.94908666925767
17186 SE 58th St,98006,Bellevue,Bellevue South & Newcastle,Central Eastside,4215.0,2885000,2026-09-15,2950000.0,2950000.0,0,False,42.0,11.0,-0.02203389830508473,-0.02203389830508473,684.4602609727165
15045 SE 45th Pl,98006,Bellevue,Bellevue South & Newcastle,Central Eastside,4303.0,3068000,2026-09-15,3455000.0,3250000.0,2,False,159.0,127.0,-0.11201157742402312,-0.05600000000000005,712.9909365558913
15030 SE 44th Pl,98006,Bellevue,Bellevue South & Newcastle,Central Eastside,4068.0,3000000,2026-09-11,3150000.0,3150000.0,0,False,64.0,32.0,-0.04761904761904767,-0.04761904761904767,737.4631268436578
15222 SE 48th Dr,98006,Bellevue,Bellevue South & Newcastle,Central Eastside,3170.0,1350000,2026-09-10,1388000.0,1388000.0,0,False,50.0,21.0,-0.02737752161383289,-0.02737752161383289,425.8675078864353
6341 121st Ave SE,98006,Bellevue,Bellevue South & Newcastle,Central Eastside,3110.0,1330000,2026-09-10,1385000.0,1385000.0,0,True,56.0,27.0,-0.03971119133574008,-0.03971119133574008,427.65273311897107
3803 SE 155th Ave,98006,Bellevue,Bellevue South & Newcastle,Central Eastside,4850.0,3250000,2026-09-09,3488000.0,3488000.0,0,False,41.0,13.0,-0.06823394495412849,-0.06823394495412849,670.1030927835052
3859 139th Ave SE,98006,Bellevue,Bellevue South & Newcastle,Central Eastside,1210.0,1000000,2026-09-08,1010000.0,1010000.0,0,False,25.0,13.0,-0.00990099009900991,-0.00990099009900991,826.4462809917355
4216 145th Ave SE,98006,Bellevue,Bellevue South & Newcastle,Central Eastside,4370.0,3250000,2026-09-08,3395000.0,3395000.0,0,False,54.0,27.0,-0.04270986745213545,-0.04270986745213545,743.7070938215103
14317 SE 49th St,98006,Bellevue,Bellevue South & Newcastle,Central Eastside,2820.0,1749634,2026-09-08,2249000.0,2249000.0,0,True,144.0,118.0,-0.22203912850155627,-0.22203912850155627,620.4375886524823
4030 139th Ave SE,98006,Bellevue,Bellevue South & Newcastle,Central Eastside,1270.0,1150000,2026-09-04,1400000.0,1350000.0,1,False,77.0,64.0,-0.1785714285714286,-0.14814814814814814,905.511811023622
4836 158th Pl SE,98006,Bellevue,Bellevue South & Newcastle,Central Eastside,1850.0,1325000,2026-09-04,1389000.0,1389000.0,0,False,57.0,9.0,-0.04607631389488842,-0.04607631389488842,716.2162162162163
6563 170th Pl SE,98006,Bellevue,Bellevue South & Newcastle,Central Eastside,5680.0,2652000,2026-09-01,2650000.0,2650000.0,0,False,32.0,3.0,0.0007547169811321641,0.0007547169811321641,466.90140845070425
5204 137th Pl SE,98006,Bellevue,Bellevue South & Newcastle,Central Eastside,2470.0,1725000,2026-08-31,1697600.0,1697600.0,0,False,24.0,4.0,0.016140433553251565,0.016140433553251565,698.3805668016195
14018 SE 51st Pl,98006,Bellevue,Bellevue South & Newcastle,Central Eastside,1600.0,1350000,2026-08-31,1348800.0,1348800.0,0,False,32.0,4.0,0.000889679715302405,0.000889679715302405,843.75
12865 SE 47th Pl,98006,Bellevue,Bellevue South & Newcastle,Central Eastside,2730.0,1725000,2026-08-31,1725000.0,1725000.0,0,False,41.0,3.0,0.0,0.0,631.8681318681319
16517 SE 66th St,98006,Bellevue,Bellevue South & Newcastle,Central Eastside,2910.0,1700000,2026-08-28,2100000.0,2100000.0,0,True,92.0,62.0,-0.19047619047619047,-0.19047619047619047,584.192439862543
15522 SE 44th Pl,98006,Bellevue,Bellevue South & Newcastle,Central Eastside,2470.0,1650000,2026-08-28,1650000.0,1650000.0,0,False,49.0,10.0,0.0,0.0,668.0161943319838
6349 114th Ave SE,98006,Bellevue,Bellevue South & Newcastle,Central Eastside,2347.0,1300000,2026-08-26,1365000.0,1365000.0,0,False,41.0,10.0,-0.04761904761904767,-0.04761904761904767,553.898593949723
6615 116th Ave SE,98006,Bellevue,Bellevue South & Newcastle,Central Eastside,2130.0,1200000,2026-08-26,1178900.0,1178900.0,0,False,26.0,1.0,0.017898040546271865,0.017898040546271865,563.3802816901408
15831 SE 43rd Pl,98006,Bellevue,Bellevue South & Newcastle,Central Eastside,3550.0,1888888,2026-08-26,2160000.0,2160000.0,0,True,111.0,84.0,-0.12551481481481486,-0.12551481481481486,532.0811267605634
16142 SE 42nd Pl,98006,Bellevue,Bellevue South & Newcastle,Central Eastside,2279.0,1500000,2026-08-26,1599950.0,1558000.0,1,True,89.0,67.0,-0.06247070220944406,-0.03722721437740695,658.1834137779728
16537 SE 45th Pl,98006,Bellevue,Bellevue South & Newcastle,Central Eastside,2330.0,1550000,2026-08-24,1500000.0,1500000.0,0,False,39.0,2.0,0.03333333333333344,0.03333333333333344,665.2360515021459
16048 SE 45th Pl,98006,Bellevue,Bellevue South & Newcastle,Central Eastside,3280.0,2188000,2026-08-24,2150000.0,2150000.0,0,False,11.0,1.0,0.017674418604651132,0.017674418604651132,667.0731707317074
3903 142nd Pl NE,98007,Bellevue,Bellevue East,Central Eastside,3060.0,1915000,2026-09-21,2150000.0,1999000.0,2,False,123.0,93.0,-0.1093023255813953,-0.04202101050525264,625.8169934640523
1606 146th Ave SE,98007,Bellevue,Bellevue East,Central Eastside,4254.0,2605000,2026-09-18,3298990.0,2890500.0,1,True,189.0,158.0,-0.2103643842509374,-0.09877183878221762,612.3648330982604
14860 NE 13th St,98007,Bellevue,Bellevue East,Central Eastside,1940.0,1075000,2026-09-09,1200000.0,1200000.0,0,False,63.0,49.0,-0.10416666666666663,-0.10416666666666663,554.1237113402062
3107 142nd Pl NE,98007,Bellevue,Bellevue East,Central Eastside,4043.0,2450000,2026-09-08,2650000.0,2650000.0,0,False,56.0,26.0,-0.07547169811320753,-0.07547169811320753,605.9856542171655
1715 146th Ave SE,98007,Bellevue,Bellevue East,Central Eastside,1060.0,870000,2026-09-01,869000.0,869000.0,0,False,68.0,7.0,0.0011507479861909697,0.0011507479861909697,820.7547169811321
1646 152nd Ave SE,98007,Bellevue,Bellevue East,Central Eastside,1790.0,1160000,2026-08-31,1198000.0,1198000.0,0,False,25.0,10.0,-0.03171953255425708,-0.03171953255425708,648.0446927374302
15432 SE 8th St,98007,Bellevue,Bellevue East,Central Eastside,2050.0,915000,2026-08-31,1050000.0,1050000.0,0,False,38.0,7.0,-0.12857142857142856,-0.12857142857142856,446.3414634146341
1212 146th Ave SE,98007,Bellevue,Bellevue East,Central Eastside,1120.0,850000,2026-08-31,1050000.0,1050000.0,0,True,96.0,76.0,-0.19047619047619047,-0.19047619047619047,758.9285714285714
1631 153rd Ave SE,98007,Bellevue,Bellevue East,Central Eastside,4960.0,3550000,2026-08-28,3699000.0,3699000.0,0,False,90.0,69.0,-0.04028115706947821,-0.04028115706947821,715.7258064516129
5 151st Pl SE,98007,Bellevue,Bellevue East,Central Eastside,1560.0,1425000,2026-08-28,1425000.0,1425000.0,0,False,21.0,7.0,0.0,0.0,913.4615384615385
2011 145th Ave SE,98007,Bellevue,Bellevue East,Central Eastside,1782.0,1350000,2026-08-28,1450000.0,1450000.0,0,True,106.0,101.0,-0.06896551724137934,-0.06896551724137934,757.5757575757576
24 158th Pl SE,98008,Bellevue,Bellevue East,Central Eastside,2600.0,980000,2026-09-18,1350000.0,1350000.0,0,True,163.0,140.0,-0.274074074074074,-0.274074074074074,376.9230769230769
1017 185th Ave NE,98008,Bellevue,Bellevue East,Central Eastside,3220.0,1998800,2026-09-18,1950000.0,1950000.0,0,False,22.0,2.0,0.025025641025641088,0.025025641025641088,620.7453416149068
1411 176th Pl NE,98008,Bellevue,Bellevue East,Central Eastside,2236.0,1780000,2026-09-18,1650000.0,1650000.0,0,False,22.0,3.0,0.07878787878787885,0.07878787878787885,796.0644007155635
16410 SE 31st St,98008,Bellevue,Bellevue East,Central Eastside,2808.0,1750000,2026-09-17,1750000.0,1750000.0,0,False,48.0,17.0,0.0,0.0,623.2193732193732
17805 NE 9th St,98008,Bellevue,Bellevue East,Central Eastside,2720.0,1100000,2026-09-04,1100000.0,1100000.0,0,False,22.0,3.0,0.0,0.0,404.4117647058824
3027 167th Ave NE,98008,Bellevue,Bellevue East,Central Eastside,3370.0,1460000,2026-09-04,1849000.0,1499990.0,4,True,98.0,74.0,-0.21038399134667385,-0.02666017773451823,433.23442136498517
924 179th Ct NE,98008,Bellevue,Bellevue East,Central Eastside,1810.0,1305000,2026-08-31,1300000.0,1300000.0,0,False,32.0,8.0,0.0038461538461538325,0.0038461538461538325,720.9944751381215
16651 SE 17th St,98008,Bellevue,Bellevue East,Central Eastside,3577.0,2471000,2026-08-31,2499950.0,2499950.0,0,False,31.0,6.0,-0.011580231604632063,-0.011580231604632063,690.802348336595
550 166th Ave NE,98008,Bellevue,Bellevue East,Central Eastside,4221.0,2725000,2026-08-28,2750000.0,2750000.0,0,False,42.0,11.0,-0.009090909090909038,-0.009090909090909038,645.5816157308694
3624 164th Pl SE,98008,Bellevue,Bellevue East,Central Eastside,3200.0,2250000,2026-08-28,2395000.0,2395000.0,0,False,36.0,7.0,-0.06054279749478075,-0.06054279749478075,703.125
17815 NE 9th St,98008,Bellevue,Bellevue East,Central Eastside,1860.0,1498000,2026-08-28,1498000.0,1498000.0,0,False,30.0,4.0,0.0,0.0,805.3763440860215
15634 SE 8th St,98008,Bellevue,Bellevue East,Central Eastside,1150.0,1050000,2026-08-27,1245000.0,1098000.0,2,True,105.0,80.0,-0.15662650602409633,-0.04371584699453557,913.0434782608696
32150 Grand Ave SE,98010,Black Diamond,Maple Valley & Black Diamond,Southeast King,2539.0,744950,2026-09-21,744950.0,744950.0,0,True,68.0,37.0,0.0,0.0,293.4029145332808
23808 SE Sequoia St,98010,Black Diamond,Maple Valley & Black Diamond,Southeast King,2214.0,1055000,2026-09-21,1099950.0,1099950.0,0,False,32.0,7.0,-0.040865493886085735,-0.040865493886085735,476.513098464318
32077 Myrtle Ave SE,98010,Black Diamond,Maple Valley & Black Diamond,Southeast King,2989.0,818950,2026-09-18,879950.0,818850.0,10,True,161.0,91.0,-0.06932212057503262,0.00012212248885634658,273.98795583807293
33136 Holly Ave SE,98010,Black Diamond,Maple Valley & Black Diamond,Southeast King,2330.0,715000,2026-09-14,789950.0,725000.0,3,False,137.0,103.0,-0.09487942274827521,-0.01379310344827589,306.86695278969955
29052 229th Ave SE,98010,Black Diamond,Maple Valley & Black Diamond,Southeast King,1650.0,695000,2026-09-11,699900.0,699900.0,0,False,73.0,31.0,-0.007001000142877523,-0.007001000142877523,421.2121212121212
33207 SE Stevens St,98010,Black Diamond,Maple Valley & Black Diamond,Southeast King,3090.0,760000,2026-09-03,795000.0,785000.0,1,False,109.0,86.0,-0.04402515723270439,-0.031847133757961776,245.9546925566343
34074 Buckeye Ave SE Unit 299,98010,Black Diamond,Maple Valley & Black Diamond,Southeast King,1340.0,740576,2026-09-02,740576.0,740576.0,0,False,1.0,0.0,0.0,0.0,552.6686567164179
22888 SE Oak St,98010,Black Diamond,Maple Valley & Black Diamond,Southeast King,2258.0,766837,2026-08-28,794950.0,774950.0,2,True,79.0,61.0,-0.03536448833259953,-0.010469062520162553,339.60894596988487
22890 SE Yew St,98010,Black Diamond,Maple Valley & Black Diamond,Southeast King,2540.0,774950,2026-08-27,774950.0,774950.0,0,True,43.0,24.0,0.0,0.0,305.09842519685037
30602 224th Ave SE,98010,Black Diamond,Maple Valley & Black Diamond,Southeast King,1450.0,627100,2026-08-26,639000.0,639000.0,0,True,82.0,55.0,-0.018622848200313014,-0.018622848200313014,432.48275862068965
34086 Buckeye Ave SE Unit 298,98010,Black Diamond,Maple Valley & Black Diamond,Southeast King,1607.0,895238,2026-08-24,895238.0,895238.0,0,False,44.0,0.0,0.0,0.0,557.0864965774736
9237 NE 173rd Pl,98011,Bothell,Bothell (King),Bothell & Woodinville,2160.0,1000000,2026-09-21,1150000.0,1050000.0,3,False,137.0,106.0,-0.13043478260869568,-0.04761904761904767,462.962962962963
16508 104th Ave NE,98011,Bothell,Bothell (King),Bothell & Woodinville,1570.0,675000,2026-09-18,800000.0,700000.0,1,False,32.0,27.0,-0.15625,-0.0357142857142857,429.9363057324841
19318 111th Pl NE,98011,Bothell,Bothell (King),Bothell & Woodinville,3720.0,1692250,2026-09-10,1750000.0,1750000.0,0,False,62.0,34.0,-0.03300000000000003,-0.03300000000000003,454.9059139784946
14821 104th Ave NE,98011,Bothell,Bothell (King),Bothell & Woodinville,3150.0,1295000,2026-09-09,1460000.0,1460000.0,0,True,110.0,85.0,-0.113013698630137,-0.113013698630137,411.1111111111111
9207 NE 175th St Unit B,98011,Bothell,Bothell (King),Bothell & Woodinville,2951.0,1250000,2026-09-08,1689900.0,1250000.0,6,True,193.0,154.0,-0.26031126102136226,0.0,423.5852253473399
10710 NE 190th St,98011,Bothell,Bothell (King),Bothell & Woodinville,3050.0,1277500,2026-09-03,1299950.0,1299950.0,0,False,44.0,8.0,-0.017269894995961432,-0.017269894995961432,418.8524590163934
9207 NE 175th St Unit A,98011,Bothell,Bothell (King),Bothell & Woodinville,2951.0,1200000,2026-09-03,1649900.0,1250000.0,4,True,170.0,139.0,-0.272683192920783,-0.040000000000000036,406.6418163334463
9806 NE 197th St,98011,Bothell,Bothell (King),Bothell & Woodinville,2060.0,1130000,2026-09-01,1130000.0,1130000.0,0,False,32.0,7.0,0.0,0.0,548.5436893203884
16910 118th Ave NE,98011,Bothell,Bothell (King),Bothell & Woodinville,2320.0,1130000,2026-08-31,1275000.0,1275000.0,0,True,54.0,24.0,-0.11372549019607847,-0.11372549019607847,487.0689655172414
11323 E Riverside Dr,98011,Bothell,Bothell (King),Bothell & Woodinville,1800.0,850000,2026-08-31,937000.0,875000.0,2,False,87.0,51.0,-0.09284951974386335,-0.02857142857142858,472.22222222222223
20402 124th Ave NE,98011,Bothell,Bothell (King),Bothell & Woodinville,2655.0,980000,2026-08-27,1095000.0,995000.0,1,False,145.0,117.0,-0.10502283105022836,-0.015075376884422065,369.11487758945384
4100 168th Pl SE,98012,Bothell,Bothell & Mill Creek,Bothell & Woodinville,2888.0,1425000,2026-09-21,1548000.0,1475000.0,2,False,136.0,104.0,-0.0794573643410853,-0.03389830508474578,493.42105263157896
3907 168th Pl SE,98012,Bothell,Bothell & Mill Creek,Bothell & Woodinville,2583.0,1275000,2026-09-21,1395000.0,1285000.0,3,False,109.0,81.0,-0.08602150537634412,-0.0077821011673151474,493.61207897793264
20710 11th Dr SE,98012,Bothell,Bothell & Mill Creek,Bothell & Woodinville,2050.0,943000,2026-09-18,915000.0,915000.0,0,False,29.0,3.0,0.030601092896174853,0.030601092896174853,460.0
17030 31st Dr SE,98012,Bothell,Bothell & Mill Creek,Bothell & Woodinville,2903.0,1190000,2026-09-17,1285000.0,1285000.0,0,True,98.0,74.0,-0.07392996108949412,-0.07392996108949412,409.9207716155701
1726 174th Pl SE,98012,Bothell,Bothell & Mill Creek,Bothell & Woodinville,1487.0,590000,2026-09-17,619000.0,595000.0,2,False,69.0,43.0,-0.04684975767366717,-0.008403361344537785,396.7720242098184
14915 36th Dr SE,98012,Mill Creek,Bothell & Mill Creek,Bothell & Woodinville,2626.0,1087500,2026-09-15,1274900.0,1124900.0,2,False,109.0,79.0,-0.14699192093497526,-0.03324739976886837,414.1279512566641
14719 32nd Dr SE,98012,Mill Creek,Bothell & Mill Creek,Bothell & Woodinville,2757.0,1210000,2026-09-15,1200000.0,1200000.0,0,False,33.0,1.0,0.008333333333333304,0.008333333333333304,438.8828436706565
18307 38th Dr SE,98012,Bothell,Bothell & Mill Creek,Bothell & Woodinville,2262.0,850000,2026-09-14,899000.0,899000.0,0,False,66.0,38.0,-0.05450500556173521,-0.05450500556173521,375.7736516357206
2204 163rd St SE,98012,Mill Creek,Bothell & Mill Creek,Bothell & Woodinville,2364.0,1010000,2026-09-14,1100000.0,1050000.0,2,True,129.0,92.0,-0.08181818181818179,-0.03809523809523807,427.2419627749577
105 161st St SE,98012,Bothell,Bothell & Mill Creek,Bothell & Woodinville,1340.0,690000,2026-09-14,699998.0,699998.0,0,True,61.0,32.0,-0.014282897951137019,-0.014282897951137019,514.9253731343283
15623 22nd Ct SE,98012,Mill Creek,Bothell & Mill Creek,Bothell & Woodinville,1857.0,860000,2026-09-14,934999.0,860000.0,2,False,108.0,76.0,-0.08021292001381819,0.0,463.11254711900915
19414 9th Ave SE,98012,Bothell,Bothell & Mill Creek,Bothell & Woodinville,2564.0,1175000,2026-09-11,1275000.0,1275000.0,0,True,57.0,26.0,-0.07843137254901966,-0.07843137254901966,458.26833073322933
15718 24th Dr SE,98012,Mill Creek,Bothell & Mill Creek,Bothell & Woodinville,3586.0,1399000,2026-09-10,1445000.0,1399000.0,1,False,119.0,77.0,-0.03183391003460212,0.0,390.12827663134414
14227 20th Dr SE,98012,Mill Creek,Bothell & Mill Creek,Bothell & Woodinville,2320.0,1000000,2026-09-10,1025000.0,1025000.0,0,False,36.0,15.0,-0.024390243902439046,-0.024390243902439046,431.0344827586207
18533 22nd Dr SE,98012,Bothell,Bothell & Mill Creek,Bothell & Woodinville,2118.0,949000,2026-09-10,949000.0,949000.0,0,False,35.0,19.0,0.0,0.0,448.0642115203022
3919 146th St SE,98012,Mill Creek,Bothell & Mill Creek,Bothell & Woodinville,2451.0,1025000,2026-09-10,1025000.0,1025000.0,0,False,37.0,3.0,0.0,0.0,418.1966544267646
19617 37th Dr SE,98012,Bothell,Bothell & Mill Creek,Bothell & Woodinville,2142.0,1050000,2026-09-09,1111500.0,1111500.0,0,False,43.0,18.0,-0.055330634278002666,-0.055330634278002666,490.19607843137254
18117 3rd Dr SE,98012,Bothell,Bothell & Mill Creek,Bothell & Woodinville,3650.0,1300000,2026-09-09,1300000.0,1300000.0,0,False,54.0,4.0,0.0,0.0,356.16438356164383
3924 199th Pl SE,98012,Bothell,Bothell & Mill Creek,Bothell & Woodinville,3402.0,2045995,2026-09-09,2114995.0,2125995.0,1,True,252.0,161.0,-0.032624190600923364,-0.037629439391908215,601.4094650205761
19210 38th Ave SE,98012,Bothell,Bothell & Mill Creek,Bothell & Woodinville,2493.0,975000,2026-09-04,1299000.0,1249000.0,2,True,162.0,134.0,-0.2494226327944573,-0.21937550040032028,391.0950661853189
3802 196th Pl SE,98012,Bothell,Bothell & Mill Creek,Bothell & Woodinville,2142.0,1090000,2026-09-04,1190000.0,1100000.0,2,False,74.0,56.0,-0.08403361344537819,-0.009090909090909038,508.8702147525677
17809 2nd Ave W,98012,Bothell,Bothell & Mill Creek,Bothell & Woodinville,2115.0,1035000,2026-09-03,1069000.0,1049000.0,1,False,41.0,17.0,-0.031805425631431294,-0.013346043851286904,489.36170212765956
16409 29th Dr SE,98012,Bothell,Bothell & Mill Creek,Bothell & Woodinville,1568.0,799000,2026-09-03,869950.0,839900.0,1,True,92.0,66.0,-0.08155641128800506,-0.048696273365876896,509.56632653061223
3217 191st St SE,98012,Bothell,Bothell & Mill Creek,Bothell & Woodinville,2554.0,1190000,2026-09-03,1234950.0,1234950.0,0,False,64.0,16.0,-0.03639823474634596,-0.03639823474634596,465.9357870007831
2922 147th Pl SE,98012,Mill Creek,Bothell & Mill Creek,Bothell & Woodinville,2451.0,775000,2026-09-02,985000.0,795000.0,2,True,90.0,84.0,-0.21319796954314718,-0.02515723270440251,316.19747042023664
15011 16th Ave SE,98012,Mill Creek,Bothell & Mill Creek,Bothell & Woodinville,2591.0,1799950,2026-09-01,1799950.0,1799950.0,0,False,34.0,3.0,0.0,0.0,694.6931686607487
816 148th Pl SE,98012,Mill Creek,Bothell & Mill Creek,Bothell & Woodinville,1656.0,725000,2026-08-31,750000.0,750000.0,0,False,52.0,23.0,-0.033333333333333326,-0.033333333333333326,437.80193236714973
15711 22nd Ct SE,98012,Mill Creek,Bothell & Mill Creek,Bothell & Woodinville,2228.0,1010000,2026-08-31,995000.0,995000.0,0,False,25.0,6.0,0.015075376884422065,0.015075376884422065,453.3213644524237
19318 31st Dr SE,98012,Bothell,Bothell & Mill Creek,Bothell & Woodinville,3713.0,1425000,2026-08-28,1495950.0,1495950.0,0,False,50.0,14.0,-0.04742805575052644,-0.04742805575052644,383.7866953945597
5716 197th Pl SE,98012,Bothell,Bothell & Mill Creek,Bothell & Woodinville,4481.0,2250000,2026-08-28,2499000.0,2299000.0,2,True,90.0,61.0,-0.0996398559423769,-0.02131361461504999,502.12006248605223
3131 134th St SE,98012,Mill Creek,Bothell & Mill Creek,Bothell & Woodinville,2377.0,885000,2026-08-28,925000.0,899950.0,2,True,65.0,21.0,-0.043243243243243246,-0.016612034001889042,372.31804795961295
18016 27th Dr SE,98012,Bothell,Bothell & Mill Creek,Bothell & Woodinville,2040.0,840000,2026-08-28,1099950.0,874950.0,2,True,86.0,63.0,-0.2363289240420019,-0.03994513972226987,411.7647058823529
4029 166th St SE,98012,Bothell,Bothell & Mill Creek,Bothell & Woodinville,3021.0,1200000,2026-08-27,1350000.0,1245000.0,2,False,84.0,56.0,-0.11111111111111116,-0.03614457831325302,397.2194637537239
16811 5th Ave SE,98012,Bothell,Bothell & Mill Creek,Bothell & Woodinville,2031.0,949900,2026-08-26,949900.0,949900.0,0,False,35.0,10.0,0.0,0.0,467.7006400787789
3025 161st St SE,98012,Mill Creek,Bothell & Mill Creek,Bothell & Woodinville,3219.0,1748513,2026-08-25,1768513.0,1768513.0,0,False,34.0,1.0,-0.011308935812176624,-0.011308935812176624,543.1851506679093
318 161st Pl SE,98012,Bothell,Bothell & Mill Creek,Bothell & Woodinville,1345.0,785000,2026-08-25,775000.0,775000.0,0,False,26.0,5.0,0.012903225806451646,0.012903225806451646,583.6431226765799
19632 2nd Dr SE,98012,Bothell,Bothell & Mill Creek,Bothell & Woodinville,2296.0,995000,2026-08-25,999995.0,999995.0,0,False,40.0,8.0,-0.004995024975124829,-0.004995024975124829,433.3623693379791
923 183rd Pl SE,98012,Bothell,Bothell & Mill Creek,Bothell & Woodinville,1940.0,840000,2026-08-24,895000.0,850000.0,1,False,66.0,25.0,-0.06145251396648044,-0.0117647058823529,432.9896907216495
15400 32nd Ave SE,98012,Mill Creek,Bothell & Mill Creek,Bothell & Woodinville,3531.0,1375000,2026-08-24,1599000.0,1499000.0,1,False,74.0,45.0,-0.1400875547217011,-0.08272181454302874,389.4080996884735
227 Highland Dr,98020,Edmonds,Edmonds,Shoreline & Edmonds,3876.0,2500000,2026-09-21,3299999.0,2899999.0,2,True,86.0,54.0,-0.24242401285576143,-0.1379307372174956,644.9948400412796
9233 Olympic View Dr,98020,Edmonds,Edmonds,Shoreline & Edmonds,5079.0,3475000,2026-09-21,3750000.0,3590000.0,1,False,122.0,97.0,-0.07333333333333336,-0.03203342618384397,684.1898011419571
10611 237th Pl SW,98020,Edmonds,Edmonds,Shoreline & Edmonds,2474.0,1350000,2026-09-18,1499999.0,1399999.0,2,False,114.0,80.0,-0.09999939999959995,-0.035713596938283576,545.675020210186
814 6th Ave S,98020,Edmonds,Edmonds,Shoreline & Edmonds,2548.0,1525000,2026-09-18,1500000.0,1500000.0,0,False,8.0,4.0,0.016666666666666607,0.016666666666666607,598.5086342229199
23832 110th Pl W,98020,Woodway,Edmonds,Shoreline & Edmonds,2533.0,1900000,2026-09-11,2089000.0,2089000.0,0,True,55.0,39.0,-0.09047391096218282,-0.09047391096218282,750.0986971969996
543 Hemlock Way,98020,Edmonds,Edmonds,Shoreline & Edmonds,2120.0,1360000,2026-09-10,1299500.0,1299500.0,0,False,50.0,,0.04655636783378214,0.04655636783378214,641.5094339622641
920 Maple St,98020,Edmonds,Edmonds,Shoreline & Edmonds,1310.0,1175000,2026-09-10,1175000.0,1175000.0,0,False,34.0,5.0,0.0,0.0,896.9465648854962
23926 106th Pl W,98020,Edmonds,Edmonds,Shoreline & Edmonds,2266.0,1225000,2026-09-10,1300000.0,1300000.0,0,False,28.0,8.0,-0.05769230769230771,-0.05769230769230771,540.6001765225067
911 Brookmere St,98020,Edmonds,Edmonds,Shoreline & Edmonds,1970.0,1225000,2026-09-09,1275000.0,1275000.0,0,False,48.0,22.0,-0.039215686274509776,-0.039215686274509776,621.8274111675127
555 4th Ave S,98020,Edmonds,Edmonds,Shoreline & Edmonds,1336.0,1175000,2026-09-08,1200000.0,1200000.0,0,False,48.0,6.0,-0.02083333333333337,-0.02083333333333337,879.4910179640718
23312 Robin Hood Dr,98020,Edmonds,Edmonds,Shoreline & Edmonds,2645.0,999500,2026-09-02,1385000.0,1345000.0,1,True,173.0,141.0,-0.2783393501805054,-0.2568773234200743,377.882797731569
9918 227th Pl SW,98020,Edmonds,Edmonds,Shoreline & Edmonds,1664.0,805000,2026-09-01,915000.0,899000.0,1,True,103.0,93.0,-0.1202185792349727,-0.10456062291434931,483.77403846153845
647 Edmonds Way,98020,Edmonds,Edmonds,Shoreline & Edmonds,1888.0,950000,2026-08-31,1025000.0,950000.0,2,False,68.0,47.0,-0.07317073170731703,0.0,503.1779661016949
24323 13th Avenue Se 20 Rd Unit County,98021,Bothell,Bothell & Mill Creek,Bothell & Woodinville,2330.0,1200000,2026-09-18,1399950.0,1299950.0,7,False,322.0,279.0,-0.1428265295189114,-0.07688757259894607,515.0214592274679
22004 33rd Dr SE,98021,Bothell,Bothell & Mill Creek,Bothell & Woodinville,4658.0,2280000,2026-09-18,2280000.0,2280000.0,0,False,36.0,6.0,0.0,0.0,489.480463718334
22204 34th Ave SE,98021,Bothell,Bothell & Mill Creek,Bothell & Woodinville,2776.0,1390000,2026-09-17,1437000.0,1437000.0,0,False,57.0,23.0,-0.032707028531663185,-0.032707028531663185,500.72046109510086
22517 41st Dr SE,98021,Bothell,Bothell & Mill Creek,Bothell & Woodinville,2708.0,1170000,2026-09-15,1323000.0,1274900.0,1,False,53.0,28.0,-0.11564625850340138,-0.08228096321280098,432.05317577548004
21221 41st Ave SE,98021,Bothell,Bothell & Mill Creek,Bothell & Woodinville,2370.0,1110000,2026-09-14,1195000.0,1195000.0,0,False,58.0,33.0,-0.07112970711297073,-0.07112970711297073,468.3544303797468
22211 1st Dr SE,98021,Bothell,Bothell & Mill Creek,Bothell & Woodinville,3100.0,1550000,2026-09-14,1590000.0,1590000.0,0,False,45.0,39.0,-0.02515723270440251,-0.02515723270440251,500.0
21925 2nd Ave SE,98021,Bothell,Bothell & Mill Creek,Bothell & Woodinville,1180.0,635000,2026-09-11,700000.0,650000.0,1,False,25.0,11.0,-0.09285714285714286,-0.023076923076923106,538.1355932203389
22208 Meridian Ave S,98021,Bothell,Bothell & Mill Creek,Bothell & Woodinville,2168.0,750000,2026-09-11,798000.0,750000.0,1,False,60.0,44.0,-0.06015037593984962,0.0,345.9409594095941
4416 239th Pl SE,98021,Bothell,Bothell & Mill Creek,Bothell & Woodinville,3293.0,1585000,2026-09-10,1695000.0,1679000.0,1,True,147.0,121.0,-0.06489675516224191,-0.055985705777248373,481.32402064986337
23232 9th Pl W,98021,Bothell,Bothell & Mill Creek,Bothell & Woodinville,2025.0,1075000,2026-09-08,1075000.0,1075000.0,0,False,40.0,7.0,0.0,0.0,530.8641975308642
23508 53rd Ave SE,98021,Bothell,Bothell & Mill Creek,Bothell & Woodinville,2629.0,1500000,2026-09-08,1498000.0,1498000.0,0,False,19.0,6.0,0.001335113484646211,0.001335113484646211,570.5591479650056
24148 39th Dr SE,98021,Bothell,Bothell & Mill Creek,Bothell & Woodinville,1784.0,945000,2026-09-04,979000.0,959000.0,1,False,72.0,58.0,-0.03472931562819204,-0.014598540145985384,529.7085201793722
4004 215th St SE,98021,Bothell,Bothell & Mill Creek,Bothell & Woodinville,3490.0,1599900,2026-09-03,1599900.0,1599900.0,0,False,28.0,1.0,0.0,0.0,458.4240687679083
20905 37th Ave SE,98021,Bothell,Bothell & Mill Creek,Bothell & Woodinville,2952.0,1470000,2026-09-03,1599000.0,1499000.0,2,False,50.0,31.0,-0.08067542213883683,-0.019346230820546984,497.9674796747967
23830 25th Dr SE,98021,Bothell,Bothell & Mill Creek,Bothell & Woodinville,1926.0,975000,2026-09-02,1190000.0,995000.0,2,False,90.0,59.0,-0.18067226890756305,-0.02010050251256279,506.2305295950156
21030 25th Dr SE,98021,Bothell,Bothell & Mill Creek,Bothell & Woodinville,1627.0,815000,2026-09-02,900000.0,875000.0,1,True,91.0,62.0,-0.09444444444444444,-0.06857142857142862,500.9219422249539
23804 7th Ave W,98021,Bothell,Bothell & Mill Creek,Bothell & Woodinville,2184.0,749900,2026-09-02,749900.0,749900.0,0,False,62.0,30.0,0.0,0.0,343.36080586080584
1419 243rd Pl SE,98021,Bothell,Bothell & Mill Creek,Bothell & Woodinville,2149.0,1145000,2026-09-01,1185000.0,1145000.0,1,False,68.0,47.0,-0.03375527426160341,0.0,532.805956258725
1325 234th St SW,98021,Bothell,Bothell & Mill Creek,Bothell & Woodinville,1338.0,880000,2026-08-31,875000.0,875000.0,0,False,33.0,6.0,0.005714285714285783,0.005714285714285783,657.6980568011958
3515 237th St SE Unit 28,98021,Bothell,Bothell & Mill Creek,Bothell & Woodinville,2925.0,1615477,2026-08-31,1554080.0,1554080.0,0,False,226.0,0.0,0.03950697518789248,0.03950697518789248,552.2998290598291
4404 219th St SE,98021,Bothell,Bothell & Mill Creek,Bothell & Woodinville,3278.0,1460000,2026-08-28,1530000.0,1530000.0,0,False,37.0,10.0,-0.04575163398692805,-0.04575163398692805,445.3935326418548
23730 35th Dr SE Unit 43,98021,Bothell,Bothell & Mill Creek,Bothell & Woodinville,2350.0,1538646,2026-08-28,1468600.0,1468600.0,0,False,224.0,0.0,0.04769576467383896,0.04769576467383896,654.7429787234042
33 213th Pl SW,98021,Bothell,Bothell & Mill Creek,Bothell & Woodinville,2850.0,1539500,2026-08-27,1539500.0,1539500.0,0,False,82.0,59.0,0.0,0.0,540.1754385964912
3509 237th St SE Unit GG27,98021,Bothell,Bothell & Mill Creek,Bothell & Woodinville,2925.0,1553894,2026-08-27,1521950.0,1598894.0,1,False,299.0,49.0,0.020988862971845323,-0.028144454854418077,531.245811965812
3931 221st Pl SE,98021,Bothell,Bothell & Mill Creek,Bothell & Woodinville,3582.0,1380000,2026-08-27,1650000.0,1525000.0,3,True,189.0,159.0,-0.1636363636363637,-0.09508196721311479,385.2596314907873
1931 237th St SE,98021,Bothell,Bothell & Mill Creek,Bothell & Woodinville,2753.0,1140000,2026-08-24,1180000.0,1180000.0,0,False,39.0,7.0,-0.03389830508474578,-0.03389830508474578,414.0937159462405
20705 40th Dr SE,98021,Bothell,Bothell & Mill Creek,Bothell & Woodinville,3402.0,1612500,2026-08-24,1739900.0,1689900.0,1,False,54.0,19.0,-0.07322259899994255,-0.04580152671755722,473.9858906525573
,98023,Federal Way,Federal Way,South King,1740.0,700000,2026-09-18,695950.0,695950.0,0,False,38.0,15.0,0.005819383576406434,0.005819383576406434,402.2988505747126
29816 23rd Ave SW,98023,Federal Way,Federal Way,South King,6820.0,2900000,2026-09-18,3250000.0,3199950.0,1,True,198.0,126.0,-0.10769230769230764,-0.0937358396224941,425.21994134897363
32027 11th Ave SW,98023,Federal Way,Federal Way,South King,2070.0,650000,2026-09-18,695000.0,649000.0,3,False,78.0,53.0,-0.06474820143884896,0.0015408320493066618,314.0096618357488
617 SW 361st St,98023,Federal Way,Federal Way,South King,3520.0,982000,2026-09-16,989500.0,989500.0,0,False,47.0,14.0,-0.0075795856493178215,-0.0075795856493178215,278.97727272727275
4021 SW 328th Pl,98023,Federal Way,Federal Way,South King,2210.0,639000,2026-09-15,625000.0,625000.0,0,False,26.0,4.0,0.022399999999999975,0.022399999999999975,289.14027149321265
909 SW 338th St,98023,Federal Way,Federal Way,South King,2881.0,650000,2026-09-11,715000.0,659900.0,2,False,56.0,46.0,-0.09090909090909094,-0.015002273071677563,225.61610551891704
31326 33rd Ave SW,98023,Federal Way,Federal Way,South King,1780.0,625000,2026-09-11,625000.0,625000.0,0,False,43.0,22.0,0.0,0.0,351.12359550561797
2660 SW 335th Pl,98023,Federal Way,Federal Way,South King,1620.0,555000,2026-09-11,550000.0,550000.0,0,False,30.0,2.0,0.009090909090909038,0.009090909090909038,342.5925925925926
2102 SW 322nd St,98023,Federal Way,Federal Way,South King,2060.0,560500,2026-09-10,615000.0,598500.0,2,True,112.0,80.0,-0.0886178861788618,-0.06349206349206349,272.0873786407767
3657 SW 318th St,98023,Federal Way,Federal Way,South King,2100.0,639000,2026-09-09,675000.0,650000.0,1,False,77.0,34.0,-0.053333333333333344,-0.01692307692307693,304.2857142857143
2307 SW 323rd St,98023,Federal Way,Federal Way,South King,2120.0,615000,2026-09-09,625000.0,625000.0,0,False,69.0,35.0,-0.016000000000000014,-0.016000000000000014,290.0943396226415
842 SW 305th St,98023,Federal Way,Federal Way,South King,810.0,402000,2026-09-08,429950.0,414950.0,1,False,61.0,21.0,-0.06500755901849053,-0.031208579346909238,496.2962962962963
4013 SW 314th St,98023,Federal Way,Federal Way,South King,3250.0,715000,2026-09-08,750000.0,750000.0,0,False,33.0,20.0,-0.046666666666666634,-0.046666666666666634,220.0
35623 9th Ave SW,98023,Federal Way,Federal Way,South King,1780.0,569000,2026-09-04,569000.0,569000.0,0,False,16.0,1.0,0.0,0.0,319.6629213483146
1825 SW 331st St,98023,Federal Way,Federal Way,South King,1540.0,600000,2026-09-04,598800.0,598800.0,0,False,32.0,5.0,0.002004008016031955,0.002004008016031955,389.61038961038963
35826 9th Ave SW,98023,Federal Way,Federal Way,South King,3460.0,960000,2026-09-02,999997.0,949950.0,1,False,55.0,34.0,-0.03999711999136002,0.010579504184430766,277.4566473988439
505 SW 366th St,98023,Federal Way,Federal Way,South King,3350.0,1225000,2026-09-01,1395000.0,1279000.0,2,False,74.0,45.0,-0.12186379928315416,-0.04222048475371387,365.67164179104475
34504 8th Ave SW,98023,Federal Way,Federal Way,South King,1790.0,570000,2026-09-01,599000.0,599000.0,0,True,89.0,59.0,-0.048414023372287174,-0.048414023372287174,318.43575418994413
33324 29th Pl SW,98023,Federal Way,Federal Way,South King,2290.0,709950,2026-08-31,729950.0,699000.0,3,False,98.0,79.0,-0.027399136927186762,0.015665236051502163,310.0218340611354
822 SW 314th Pl,98023,Federal Way,Federal Way,South King,1750.0,599000,2026-08-31,645900.0,625000.0,1,True,102.0,82.0,-0.07261185942096304,-0.04159999999999997,342.2857142857143
1622 SW 350th St,98023,Federal Way,Federal Way,South King,960.0,530000,2026-08-31,545000.0,535000.0,1,False,66.0,37.0,-0.02752293577981646,-0.009345794392523366,552.0833333333334
30809 36th Ct SW,98023,Federal Way,Federal Way,South King,4590.0,1240000,2026-08-28,1450000.0,1299000.0,2,True,118.0,94.0,-0.1448275862068965,-0.04541955350269433,270.1525054466231
31324 43rd Pl SW,98023,Federal Way,Federal Way,South King,3000.0,930000,2026-08-28,930000.0,930000.0,0,False,36.0,3.0,0.0,0.0,310.0
35816 2nd Ave SW,98023,Federal Way,Federal Way,South King,3265.0,915000,2026-08-28,950000.0,925000.0,1,False,85.0,65.0,-0.0368421052631579,-0.010810810810810811,280.2450229709035
32910 30th Ave SW,98023,Federal Way,Federal Way,South King,2160.0,600000,2026-08-28,649999.0,599999.0,2,False,141.0,118.0,-0.07692165680254892,1.666669444455593e-06,277.77777777777777
1430 SW 352nd Ct,98023,Federal Way,Federal Way,South King,1340.0,587500,2026-08-28,650000.0,599000.0,4,True,149.0,128.0,-0.09615384615384615,-0.019198664440734592,438.43283582089555
34612 4th Pl SW,98023,Federal Way,Federal Way,South King,3910.0,950000,2026-08-28,1200000.0,1100000.0,1,False,73.0,37.0,-0.20833333333333337,-0.13636363636363635,242.96675191815856
606 SW 302nd St,98023,Federal Way,Federal Way,South King,1560.0,490000,2026-08-27,499999.0,499999.0,0,False,55.0,13.0,-0.019998039996079964,-0.019998039996079964,314.1025641025641
3705 SW 338th Pl,98023,Federal Way,Federal Way,South King,1260.0,549950,2026-08-27,549950.0,549950.0,0,False,49.0,4.0,0.0,0.0,436.468253968254
31333 43rd Pl SW,98023,Federal Way,Federal Way,South King,2750.0,865000,2026-08-27,890000.0,890000.0,0,False,70.0,30.0,-0.028089887640449396,-0.028089887640449396,314.54545454545456
31756 42nd Ave SW,98023,Federal Way,Federal Way,South King,1620.0,588000,2026-08-26,610000.0,610000.0,0,False,51.0,16.0,-0.0360655737704918,-0.0360655737704918,362.962962962963
32219 14th Ave SW,98023,Federal Way,Federal Way,South King,1050.0,489000,2026-08-26,490000.0,490000.0,0,False,50.0,14.0,-0.0020408163265306367,-0.0020408163265306367,465.7142857142857
36607 9th Ave SW,98023,Federal Way,Federal Way,South King,3226.0,1030000,2026-08-24,1185000.0,998950.0,2,False,287.0,247.0,-0.13080168776371304,0.031082636768607008,319.28084314941106
33700 33rd Pl SW,98023,Federal Way,Federal Way,South King,2040.0,654000,2026-08-24,665000.0,659000.0,1,False,52.0,23.0,-0.016541353383458635,-0.007587253414264028,320.5882352941176
21725 85th Pl W,98026,Edmonds,Edmonds,Shoreline & Edmonds,1812.0,887179,2026-09-18,900000.0,900000.0,0,False,30.0,7.0,-0.014245555555555511,-0.014245555555555511,489.61313465783667
20818 77th Pl W,98026,Edmonds,Edmonds,Shoreline & Edmonds,1404.0,750000,2026-09-15,849000.0,799000.0,2,True,82.0,55.0,-0.11660777385159016,-0.06132665832290363,534.1880341880342
15631 58th Pl W,98026,Edmonds,Edmonds,Shoreline & Edmonds,2160.0,879000,2026-09-14,879000.0,879000.0,0,False,31.0,6.0,0.0,0.0,406.94444444444446
9121 228th St SW,98026,Edmonds,Edmonds,Shoreline & Edmonds,1344.0,900000,2026-09-11,915000.0,899988.0,1,False,57.0,32.0,-0.016393442622950838,1.3333511113433616e-05,669.6428571428571
8315 198th St SW,98026,Edmonds,Edmonds,Shoreline & Edmonds,1212.0,750000,2026-09-11,750000.0,750000.0,0,False,63.0,33.0,0.0,0.0,618.8118811881188
5719 152nd St SW,98026,Edmonds,Edmonds,Shoreline & Edmonds,2318.0,840000,2026-09-11,850000.0,850000.0,0,False,38.0,7.0,-0.0117647058823529,-0.0117647058823529,362.381363244176
23823 86th Ave W,98026,Edmonds,Edmonds,Shoreline & Edmonds,1974.0,850000,2026-09-10,879000.0,879000.0,0,False,49.0,21.0,-0.0329920364050057,-0.0329920364050057,430.5977710233029
7421 181st Pl SW,98026,Edmonds,Edmonds,Shoreline & Edmonds,2189.0,990000,2026-09-10,990000.0,990000.0,0,False,29.0,2.0,0.0,0.0,452.2613065326633
23727 80th Ct W,98026,Edmonds,Edmonds,Shoreline & Edmonds,1996.0,617500,2026-09-08,750000.0,649950.0,5,True,326.0,308.0,-0.17666666666666664,-0.049926917455188846,309.3687374749499
17926 73rd Ave W,98026,Edmonds,Edmonds,Shoreline & Edmonds,3898.0,1550000,2026-09-05,1650000.0,1650000.0,0,False,273.0,203.0,-0.06060606060606055,-0.06060606060606055,397.6398152898922
7817 182nd Pl SW,98026,Edmonds,Edmonds,Shoreline & Edmonds,2143.0,1200000,2026-09-04,1130000.0,1130000.0,0,False,23.0,2.0,0.06194690265486735,0.06194690265486735,559.9626691553897
20832 88th Pl W,98026,Edmonds,Edmonds,Shoreline & Edmonds,1718.0,855000,2026-09-04,849888.0,849888.0,0,False,22.0,2.0,0.006014910199932277,0.006014910199932277,497.67171129220026
7320 164th Pl SW,98026,Edmonds,Edmonds,Shoreline & Edmonds,3619.0,1900000,2026-09-04,2050000.0,1950000.0,1,False,51.0,45.0,-0.07317073170731703,-0.02564102564102566,525.0069079856314
14006 52nd Ave W,98026,Edmonds,Edmonds,Shoreline & Edmonds,2616.0,899000,2026-09-03,899000.0,899000.0,0,True,17.0,3.0,0.0,0.0,343.65443425076455
7428 229th St SW,98026,Edmonds,Edmonds,Shoreline & Edmonds,1455.0,699000,2026-09-03,699000.0,699000.0,0,False,35.0,7.0,0.0,0.0,480.41237113402065
6914 163rd Pl SW,98026,Edmonds,Edmonds,Shoreline & Edmonds,2357.0,1150000,2026-09-02,1170000.0,1170000.0,0,False,75.0,9.0,-0.017094017094017144,-0.017094017094017144,487.90835808230804
19830 82nd Pl W,98026,Edmonds,Edmonds,Shoreline & Edmonds,2068.0,1220000,2026-09-01,1299000.0,1299000.0,0,False,54.0,24.0,-0.060816012317167045,-0.060816012317167045,589.9419729206963
23119 80th Pl W,98026,Edmonds,Edmonds,Shoreline & Edmonds,1842.0,899950,2026-09-01,950000.0,899950.0,2,False,69.0,43.0,-0.05268421052631578,0.0,488.57220412595007
18015 Homeview Dr,98026,Edmonds,Edmonds,Shoreline & Edmonds,1727.0,990000,2026-08-31,984950.0,984950.0,0,False,32.0,17.0,0.005127163815421998,0.005127163815421998,573.2484076433121
8707 Maple Ln,98026,Edmonds,Edmonds,Shoreline & Edmonds,2210.0,900000,2026-08-31,1065000.0,999000.0,2,True,82.0,72.0,-0.15492957746478875,-0.09909909909909909,407.23981900452486
7919 194th Pl SW,98026,Edmonds,Edmonds,Shoreline & Edmonds,2771.0,882000,2026-08-29,925000.0,899000.0,1,False,155.0,81.0,-0.046486486486486456,-0.018909899888765347,318.2966438108986
20019 81st Ave W,98026,Edmonds,Edmonds,Shoreline & Edmonds,1438.0,845000,2026-08-28,849950.0,849950.0,0,False,22.0,7.0,-0.005823871992470142,-0.005823871992470142,587.6216968011126
7301 179th St SW,98026,Edmonds,Edmonds,Shoreline & Edmonds,2962.0,961000,2026-08-28,885000.0,885000.0,0,False,29.0,4.0,0.08587570621468932,0.08587570621468932,324.44294395678594
9429 240th Ave SE,98027,Issaquah,Issaquah,Central Eastside,940.0,695000,2026-09-16,775000.0,725000.0,1,False,76.0,32.0,-0.10322580645161294,-0.04137931034482756,739.3617021276596
20605 SE 127th St,98027,Issaquah,Issaquah,Central Eastside,3090.0,1008200,2026-09-16,968500.0,968500.0,0,False,27.0,5.0,0.04099122354155904,0.04099122354155904,326.27831715210357
26415 SE 154th Pl,98027,Issaquah,Issaquah,Central Eastside,2750.0,1165000,2026-09-16,1249988.0,1249988.0,0,True,47.0,23.0,-0.0679910527141061,-0.0679910527141061,423.6363636363636
18846 SE 42nd St,98027,Issaquah,Issaquah,Central Eastside,3240.0,4250000,2026-09-15,4250000.0,4250000.0,0,False,53.0,6.0,0.0,0.0,1311.7283950617284
25007 SE Mirrormont Way,98027,Issaquah,Issaquah,Central Eastside,4862.0,1558980,2026-09-15,1558980.0,1558980.0,0,False,34.0,8.0,0.0,0.0,320.6458247634718
19510 SE May Valley Rd,98027,Issaquah,Issaquah,Central Eastside,3290.0,821000,2026-09-14,799000.0,799000.0,0,False,24.0,3.0,0.027534418022528095,0.027534418022528095,249.54407294832828
19217 SE 62nd Pl,98027,Issaquah,Issaquah,Central Eastside,2470.0,1437850,2026-09-11,1488000.0,1488000.0,0,False,49.0,9.0,-0.0337029569892473,-0.0337029569892473,582.1255060728745
14702 255th Ave SE,98027,Issaquah,Issaquah,Central Eastside,4370.0,1480000,2026-09-08,1449998.0,1499988.0,1,False,62.0,14.0,0.020691063022155953,-0.013325439936852868,338.67276887871856
700 6th Ave NW,98027,Issaquah,Issaquah,Central Eastside,2551.0,1345000,2026-09-04,1250000.0,1250000.0,0,False,28.0,11.0,0.07600000000000007,0.07600000000000007,527.2442179537436
14629 255th Ave SE,98027,Issaquah,Issaquah,Central Eastside,3250.0,995000,2026-09-03,975000.0,975000.0,0,False,28.0,6.0,0.02051282051282044,0.02051282051282044,306.15384615384613
8608 307th Ave SE,98027,Issaquah,Issaquah,Central Eastside,1710.0,800000,2026-09-02,900000.0,800000.0,2,True,97.0,70.0,-0.11111111111111116,0.0,467.8362573099415
26069 SE 154th St,98027,Issaquah,Issaquah,Central Eastside,2940.0,1399988,2026-09-01,1399988.0,1399988.0,0,False,75.0,20.0,0.0,0.0,476.1863945578231
18448 SE 43rd Pl,98027,Issaquah,Issaquah,Central Eastside,2350.0,1895000,2026-09-01,1875000.0,1875000.0,0,False,40.0,6.0,0.010666666666666602,0.010666666666666602,806.3829787234042
300 MT Pilchuck Ave SW,98027,Issaquah,Issaquah,Central Eastside,2468.0,1297000,2026-09-01,1297000.0,1297000.0,0,False,18.0,2.0,0.0,0.0,525.5267423014586
13016 207th Ave SE,98027,Issaquah,Issaquah,Central Eastside,2500.0,1500000,2026-08-28,1525000.0,1525000.0,0,False,37.0,12.0,-0.016393442622950838,-0.016393442622950838,600.0
15825 76th Pl NE,98028,Kenmore,Kenmore,Central Eastside,1100.0,500000,2026-09-18,500000.0,500000.0,0,False,16.0,2.0,0.0,0.0,454.54545454545456
17402 83rd Ct NE,98028,Kenmore,Kenmore,Central Eastside,5470.0,2995000,2026-09-18,3250000.0,3250000.0,0,False,71.0,40.0,-0.07846153846153847,-0.07846153846153847,547.5319926873857
6116 NE 190th St,98028,Kenmore,Kenmore,Central Eastside,3216.0,900000,2026-09-16,949950.0,949950.0,0,False,61.0,31.0,-0.05258171482709617,-0.05258171482709617,279.85074626865674
18711 82nd Ave NE,98028,Kenmore,Kenmore,Central Eastside,2000.0,680000,2026-09-11,849950.0,849950.0,0,True,64.0,49.0,-0.19995293840814166,-0.19995293840814166,340.0
6505 NE Arrowhead Dr,98028,Kenmore,Kenmore,Central Eastside,1936.0,925000,2026-09-11,975000.0,950000.0,3,True,71.0,49.0,-0.05128205128205132,-0.02631578947368418,477.7892561983471
7115 NE 167th St,98028,Kenmore,Kenmore,Central Eastside,1979.0,970000,2026-09-11,1049950.0,995000.0,2,False,76.0,53.0,-0.07614648316586503,-0.025125628140703515,490.1465386558868
5682 NE 180th St,98028,Kenmore,Kenmore,Central Eastside,3800.0,1400000,2026-09-09,1399000.0,1399000.0,0,False,25.0,1.0,0.0007147962830593713,0.0007147962830593713,368.42105263157896
7703 NE 167th St,98028,Kenmore,Kenmore,Central Eastside,2241.0,1155000,2026-08-31,1150000.0,1150000.0,0,False,25.0,6.0,0.004347826086956497,0.004347826086956497,515.3949129852745
6632 NE 191st St,98028,Kenmore,Kenmore,Central Eastside,2130.0,975000,2026-08-28,929950.0,929950.0,0,False,25.0,4.0,0.04844346470240346,0.04844346470240346,457.7464788732394
7430 NE 202nd Pl,98028,Kenmore,Kenmore,Central Eastside,2680.0,1175000,2026-08-26,1225000.0,1225000.0,0,False,83.0,52.0,-0.04081632653061229,-0.04081632653061229,438.43283582089555
23900 SE 42nd Pl,98029,Sammamish,Issaquah,Central Eastside,1760.0,1035000,2026-09-18,1150000.0,1150000.0,0,True,70.0,50.0,-0.09999999999999998,-0.09999999999999998,588.0681818181819
1073 Pine Crest Cir NE,98029,Issaquah,Issaquah,Central Eastside,4670.0,2088500,2026-09-14,2088500.0,2088500.0,0,False,32.0,2.0,0.0,0.0,447.2162740899358
2528 Larchmount Dr NE,98029,Issaquah,Issaquah,Central Eastside,2310.0,1460000,2026-09-11,1499999.0,1499999.0,0,False,42.0,13.0,-0.02666601777734523,-0.02666601777734523,632.0346320346321
1513 NE Iris St,98029,Issaquah,Issaquah,Central Eastside,2436.0,1437750,2026-09-10,1395000.0,1395000.0,0,False,27.0,3.0,0.030645161290322687,0.030645161290322687,590.2093596059113
4205 243rd Ave SE,98029,Sammamish,Issaquah,Central Eastside,2040.0,1255000,2026-09-10,1275000.0,1275000.0,0,False,32.0,5.0,-0.015686274509803977,-0.015686274509803977,615.1960784313726
4210 258th Ave SE,98029,Sammamish,Issaquah,Central Eastside,1980.0,1235000,2026-09-04,1200000.0,1200000.0,0,False,37.0,7.0,0.029166666666666563,0.029166666666666563,623.7373737373738
2496 33rd Ave NE,98029,Issaquah,Issaquah,Central Eastside,2820.0,1630000,2026-09-02,1750000.0,1690000.0,1,False,81.0,51.0,-0.06857142857142862,-0.035502958579881616,578.0141843971631
1845 10th Ave NE,98029,Issaquah,Issaquah,Central Eastside,3370.0,2370000,2026-09-02,2370000.0,2370000.0,0,False,20.0,3.0,0.0,0.0,703.2640949554897
4020 262nd Pl SE,98029,Sammamish,Issaquah,Central Eastside,2580.0,1325000,2026-08-31,1528000.0,1528000.0,0,True,89.0,59.0,-0.1328534031413613,-0.1328534031413613,513.5658914728682
3127 NE Magnolia St,98029,Issaquah,Issaquah,Central Eastside,2820.0,1560000,2026-08-28,1595000.0,1595000.0,0,False,36.0,14.0,-0.021943573667711602,-0.021943573667711602,553.1914893617021
5419 247th Pl SE,98029,Issaquah,Issaquah,Central Eastside,4640.0,3925000,2026-08-28,4300000.0,4300000.0,0,True,126.0,87.0,-0.08720930232558144,-0.08720930232558144,845.9051724137931
24544 SE 43rd Pl,98029,Sammamish,Issaquah,Central Eastside,2124.0,1265000,2026-08-27,1415000.0,1298000.0,1,True,98.0,84.0,-0.10600706713780916,-0.025423728813559365,595.5743879472693
22997 SE 52nd St,98029,Issaquah,Issaquah,Central Eastside,3619.0,1710000,2026-08-26,1930000.0,1878000.0,1,True,90.0,60.0,-0.11398963730569944,-0.08945686900958472,472.5062171870683
5529 231st Ave SE,98029,Issaquah,Issaquah,Central Eastside,3880.0,2275000,2026-08-25,2395000.0,2395000.0,0,False,40.0,11.0,-0.050104384133611735,-0.050104384133611735,586.340206185567
25723 SE 40th St,98029,Sammamish,Issaquah,Central Eastside,1990.0,1304500,2026-08-24,1360000.0,1360000.0,0,False,39.0,28.0,-0.04080882352941173,-0.04080882352941173,655.5276381909548
11035 SE 271st St,98030,Kent,Kent,South King,1970.0,679000,2026-09-21,679000.0,679000.0,0,False,75.0,34.0,0.0,0.0,344.6700507614213
28010 129th Pl SE,98030,Kent,Kent,South King,1910.0,642500,2026-09-16,660000.0,660000.0,0,False,69.0,39.0,-0.02651515151515149,-0.02651515151515149,336.3874345549738
26040 108th Ave SE,98030,Kent,Kent,South King,890.0,490000,2026-09-15,550000.0,525000.0,1,False,61.0,42.0,-0.10909090909090913,-0.06666666666666665,550.561797752809
27807 129th Pl SE,98030,Kent,Kent,South King,1860.0,679000,2026-09-15,670000.0,670000.0,0,False,47.0,6.0,0.013432835820895495,0.013432835820895495,365.0537634408602
12208 SE 258th Pl,98030,Kent,Kent,South King,2120.0,684950,2026-09-14,684950.0,684950.0,0,False,28.0,7.0,0.0,0.0,323.08962264150944
712 E Guiberson St,98030,Kent,Kent,South King,1120.0,460000,2026-09-11,475000.0,475000.0,0,False,37.0,5.0,-0.03157894736842104,-0.03157894736842104,410.7142857142857
12730 SE 282nd Way,98030,Kent,Kent,South King,1680.0,570000,2026-09-04,599950.0,574950.0,1,False,50.0,25.0,-0.04992082673556131,-0.008609444299504276,339.2857142857143
24520 96th Ave S,98030,Kent,Kent,South King,2600.0,749000,2026-09-01,775000.0,749000.0,1,False,54.0,32.0,-0.03354838709677421,0.0,288.0769230769231
1140 E Seattle St,98030,Kent,Kent,South King,1940.0,655766,2026-09-01,719000.0,719000.0,0,False,59.0,,-0.08794714881780252,-0.08794714881780252,338.0237113402062
912 E Cherry Hill St,98030,Kent,Kent,South King,2660.0,630000,2026-08-31,630000.0,630000.0,0,False,32.0,6.0,0.0,0.0,236.8421052631579
602 Jason Ave N,98030,Kent,Kent,South King,3809.0,720000,2026-08-31,720000.0,705000.0,1,False,52.0,32.0,0.0,0.02127659574468077,189.02599107377264
24216 129th Ave SE,98030,Kent,Kent,South King,2880.0,810000,2026-08-26,875000.0,810000.0,5,False,138.0,123.0,-0.07428571428571429,0.0,281.25
12512 SE 275th Pl,98030,Kent,Kent,South King,1390.0,570000,2026-08-24,549888.0,549888.0,0,False,32.0,1.0,0.036574720670391025,0.036574720670391025,410.0719424460432
21639 104th Pl SE,98031,Kent,Kent,South King,3160.0,850000,2026-09-21,949000.0,949000.0,0,True,74.0,41.0,-0.10432033719704947,-0.10432033719704947,268.9873417721519
20707 122nd Pl SE,98031,Kent,Kent,South King,1940.0,705000,2026-09-21,735000.0,735000.0,0,False,60.0,31.0,-0.04081632653061229,-0.04081632653061229,363.4020618556701
12202 SE 218th Ct,98031,Kent,Kent,South King,4800.0,999999,2026-09-18,1199950.0,999999.0,4,True,135.0,100.0,-0.16663277636568186,0.0,208.333125
10646 SE 236th St,98031,Kent,Kent,South King,1220.0,600000,2026-09-17,649950.0,624950.0,1,False,91.0,51.0,-0.07685206554350332,-0.039923193855508465,491.8032786885246
21211 95th Ct S,98031,Kent,Kent,South King,2530.0,710000,2026-09-16,799950.0,728000.0,6,True,278.0,259.0,-0.11244452778298641,-0.02472527472527475,280.6324110671937
10626 SE 213th Ct,98031,Kent,Kent,South King,1600.0,650000,2026-09-08,650000.0,650000.0,0,False,34.0,3.0,0.0,0.0,406.25
23333 115th Pl SE,98031,Kent,Kent,South King,2390.0,599000,2026-09-04,599000.0,599000.0,0,False,28.0,3.0,0.0,0.0,250.6276150627615
20319 131st Pl SE,98031,Kent,Kent,South King,2360.0,800000,2026-09-04,799500.0,799500.0,0,True,36.0,5.0,0.0006253908692932519,0.0006253908692932519,338.9830508474576
21020 98th Ave S,98031,Kent,Kent,South King,1920.0,690000,2026-09-02,750000.0,699950.0,1,True,96.0,67.0,-0.07999999999999996,-0.014215301092935229,359.375
23827 115th Pl SE,98031,Kent,Kent,South King,2065.0,699000,2026-08-31,758000.0,699950.0,3,True,332.0,304.0,-0.07783641160949872,-0.0013572398028430799,338.49878934624695
22127 109th Pl SE,98031,Kent,Kent,South King,2100.0,667000,2026-08-28,649950.0,649950.0,0,False,29.0,6.0,0.026232787137472124,0.026232787137472124,317.6190476190476
23719 99th Ave S,98031,Kent,Kent,South King,1840.0,595000,2026-08-28,629950.0,595950.0,1,False,85.0,63.0,-0.055480593697912584,-0.0015940934642167948,323.3695652173913
20440 104th Ave SE,98031,Kent,Kent,South King,1720.0,700000,2026-08-24,689950.0,689950.0,0,False,39.0,5.0,0.01456627291832735,0.01456627291832735,406.9767441860465
9619 S 237th Pl,98031,Kent,Kent,South King,3070.0,887380,2026-08-24,889880.0,889880.0,0,False,36.0,3.0,-0.0028093675551760233,-0.0028093675551760233,289.0488599348534
22021 131st Pl SE,98031,Kent,Kent,South King,1790.0,690000,2026-08-24,730000.0,700000.0,2,False,46.0,35.0,-0.0547945205479452,-0.014285714285714235,385.47486033519556
9709 S 237th Pl,98031,Kent,Kent,South King,2500.0,769950,2026-08-24,769950.0,769950.0,0,False,24.0,4.0,0.0,0.0,307.98
25110 35th Ave S,98032,Kent,Kent,South King,2000.0,550000,2026-09-18,619950.0,549950.0,3,False,98.0,65.0,-0.11283167997419141,9.091735612321017e-05,275.0
4411 S 263rd St,98032,Kent,Kent,South King,1750.0,590000,2026-09-18,639000.0,639000.0,0,False,49.0,13.0,-0.07668231611893583,-0.07668231611893583,337.14285714285717
24717 S 35th Ave,98032,Kent,Kent,South King,2204.0,660000,2026-09-16,719777.0,669777.0,4,True,146.0,132.0,-0.08304933333518572,-0.014597395849663353,299.45553539019966
2417 S 249th Pl,98032,Kent,Kent,South King,2160.0,650000,2026-09-15,650000.0,650000.0,0,False,32.0,2.0,0.0,0.0,300.9259259259259
4314 S 262nd St,98032,Kent,Kent,South King,3030.0,600000,2026-08-28,600000.0,600000.0,0,False,42.0,11.0,0.0,0.0,198.01980198019803
13418 NE 100th St,98033,Kirkland,Kirkland,Central Eastside,4287.0,3598000,2026-09-21,3598000.0,3598000.0,0,False,60.0,42.0,0.0,0.0,839.2815488686728
411 10th Ave,98033,Kirkland,Kirkland,Central Eastside,2410.0,2010000,2026-09-21,1950000.0,1950000.0,0,False,25.0,5.0,0.03076923076923066,0.03076923076923066,834.0248962655602
11523 111th Pl NE,98033,Kirkland,Kirkland,Central Eastside,2480.0,1635000,2026-09-21,1740000.0,1740000.0,0,True,52.0,32.0,-0.06034482758620685,-0.06034482758620685,659.2741935483871
12453 NE 104th St,98033,Kirkland,Kirkland,Central Eastside,2600.0,1675000,2026-09-18,1890000.0,1790000.0,1,True,64.0,35.0,-0.11375661375661372,-0.06424581005586594,644.2307692307693
7850 123rd Ave NE,98033,Kirkland,Kirkland,Central Eastside,2150.0,1580000,2026-09-18,1825000.0,1825000.0,0,True,92.0,63.0,-0.13424657534246576,-0.13424657534246576,734.8837209302326
227 8th Ave,98033,Kirkland,Kirkland,Central Eastside,4390.0,2350000,2026-09-18,3000000.0,2499950.0,2,True,154.0,139.0,-0.21666666666666667,-0.05998119962399251,535.3075170842825
11217 NE 95th St,98033,Kirkland,Kirkland,Central Eastside,2736.0,1748950,2026-09-17,2298000.0,1798950.0,7,True,306.0,285.0,-0.23892515230635336,-0.027793990939158908,639.2361111111111
12831 NE 78th Pl,98033,Kirkland,Kirkland,Central Eastside,1312.0,1165000,2026-09-16,1249950.0,1249950.0,0,False,68.0,41.0,-0.06796271850874036,-0.06796271850874036,887.9573170731708
10310 117th Pl NE,98033,Kirkland,Kirkland,Central Eastside,2210.0,1475000,2026-09-15,1500000.0,1500000.0,0,False,54.0,26.0,-0.01666666666666672,-0.01666666666666672,667.420814479638
910 6th Pl S,98033,Kirkland,Kirkland,Central Eastside,2390.0,1700000,2026-09-15,1849950.0,1849950.0,0,True,84.0,56.0,-0.08105624476337203,-0.08105624476337203,711.2970711297071
7215 126th Ave NE,98033,Kirkland,Kirkland,Central Eastside,1740.0,1050000,2026-09-14,1200000.0,1200000.0,0,False,50.0,10.0,-0.125,-0.125,603.448275862069
6515 127th Ln NE,98033,Kirkland,Kirkland,Central Eastside,2390.0,1875000,2026-09-14,1875000.0,1875000.0,0,False,24.0,2.0,0.0,0.0,784.5188284518829
921 6th Pl S,98033,Kirkland,Kirkland,Central Eastside,2040.0,1586660,2026-09-11,1680000.0,1680000.0,0,False,28.0,5.0,-0.05555952380952378,-0.05555952380952378,777.7745098039215
9824 111th Ave NE,98033,Kirkland,Kirkland,Central Eastside,2310.0,1770000,2026-09-11,1785000.0,1785000.0,0,False,22.0,5.0,-0.008403361344537785,-0.008403361344537785,766.2337662337662
12122 NE 108th St,98033,Kirkland,Kirkland,Central Eastside,1560.0,950000,2026-09-10,999000.0,990000.0,1,False,77.0,42.0,-0.049049049049049054,-0.04040404040404044,608.974358974359
8721 128th Ave NE,98033,Kirkland,Kirkland,Central Eastside,1920.0,1289950,2026-09-10,1329888.0,1289950.0,1,False,56.0,24.0,-0.030031100363338892,0.0,671.8489583333334
16 Bridlewood Cir,98033,Kirkland,Kirkland,Central Eastside,3399.0,2550000,2026-09-10,2895000.0,2895000.0,0,True,140.0,111.0,-0.11917098445595853,-0.11917098445595853,750.2206531332745
12813 NE 65th Ln,98033,Kirkland,Kirkland,Central Eastside,3332.0,2610000,2026-09-09,2749950.0,2748950.0,1,False,222.0,187.0,-0.05089183439698908,-0.050546572327615946,783.3133253301321
12515 NE 107th Pl,98033,Kirkland,Kirkland,Central Eastside,1500.0,967000,2026-09-09,1100000.0,1000000.0,4,False,218.0,187.0,-0.12090909090909085,-0.03300000000000003,644.6666666666666
5805 104th Ave NE,98033,Kirkland,Kirkland,Central Eastside,4910.0,7300000,2026-09-08,7395000.0,7395000.0,0,False,29.0,3.0,-0.01284651791751179,-0.01284651791751179,1486.7617107942974
12818 NE 111th Pl,98033,Kirkland,Kirkland,Central Eastside,2390.0,1230000,2026-09-08,1248000.0,1248000.0,0,False,33.0,2.0,-0.014423076923076872,-0.014423076923076872,514.6443514644351
8030 131st Pl NE,98033,Kirkland,Kirkland,Central Eastside,1670.0,1250000,2026-09-08,1300000.0,1300000.0,0,False,33.0,3.0,-0.038461538461538436,-0.038461538461538436,748.502994011976
310 9th Ave,98033,Kirkland,Kirkland,Central Eastside,2160.0,1350000,2026-09-08,1580000.0,1500000.0,1,False,152.0,139.0,-0.14556962025316456,-0.09999999999999998,625.0
12829 NE 78th Pl,98033,Kirkland,Kirkland,Central Eastside,3396.0,2700000,2026-09-03,2769000.0,2769000.0,0,False,55.0,28.0,-0.024918743228602436,-0.024918743228602436,795.0530035335689
12033 NE 70th St,98033,Kirkland,Kirkland,Central Eastside,3350.0,2280000,2026-09-02,2198000.0,2198000.0,0,False,20.0,2.0,0.03730664240218373,0.03730664240218373,680.5970149253732
7809 NE 126th Ave,98033,Kirkland,Kirkland,Central Eastside,3610.0,2386500,2026-09-02,2895000.0,2630000.0,2,True,168.0,132.0,-0.17564766839378243,-0.09258555133079849,661.0803324099722
5511 104th Ave NE,98033,Kirkland,Kirkland,Central Eastside,5530.0,5062000,2026-09-02,6250000.0,5600000.0,1,True,418.0,389.0,-0.19008000000000003,-0.09607142857142859,915.370705244123
12832 NE 70th Pl,98033,Kirkland,Kirkland,Central Eastside,2380.0,1550000,2026-08-31,1750000.0,1680000.0,2,False,80.0,59.0,-0.11428571428571432,-0.07738095238095233,651.2605042016806
11421 NE 88th St,98033,Kirkland,Kirkland,Central Eastside,3710.0,1950000,2026-08-28,2500000.0,2099950.0,4,False,163.0,121.0,-0.21999999999999997,-0.07140646205862045,525.6064690026955
9108 124th Ave NE,98033,Kirkland,Kirkland,Central Eastside,3030.0,1835000,2026-08-28,1995000.0,1995000.0,0,False,79.0,51.0,-0.08020050125313283,-0.08020050125313283,605.6105610561057
12414 NE 72nd St,98033,Kirkland,Kirkland,Central Eastside,1307.0,1088000,2026-08-28,1189000.0,1189000.0,0,True,107.0,80.0,-0.08494533221194278,-0.08494533221194278,832.4407039020658
1907 2nd St,98033,Kirkland,Kirkland,Central Eastside,3820.0,2500000,2026-08-26,2698000.0,2698000.0,0,True,90.0,66.0,-0.07338769458858418,-0.07338769458858418,654.4502617801047
12223 NE 106th St,98033,Kirkland,Kirkland,Central Eastside,3640.0,2450500,2026-08-25,2799850.0,2499850.0,2,False,117.0,70.0,-0.12477454149329426,-0.019741184471068318,673.2142857142857
10117 NE 64th St,98033,Kirkland,Kirkland,Central Eastside,2700.0,2600000,2026-08-24,2650000.0,2650000.0,0,False,25.0,5.0,-0.018867924528301883,-0.018867924528301883,962.9629629629629
13011 NE 70th Dr,98033,Kirkland,Kirkland,Central Eastside,2250.0,1400000,2026-08-24,1400000.0,1400000.0,0,False,18.0,2.0,0.0,0.0,622.2222222222222
1010 2nd St,98033,Kirkland,Kirkland,Central Eastside,1980.0,1100000,2026-08-24,1050000.0,1050000.0,0,False,17.0,5.0,0.04761904761904767,0.04761904761904767,555.5555555555555
11247 108th Ave NE,98033,Kirkland,Kirkland,Central Eastside,1832.0,1395000,2026-08-24,1675000.0,1499950.0,2,True,167.0,137.0,-0.16716417910447756,-0.06996899896663222,761.4628820960698
12515 NE 137th Pl,98034,Kirkland,Kirkland,Central Eastside,1882.0,1150000,2026-09-18,1179950.0,1179950.0,0,False,36.0,7.0,-0.02538243145896013,-0.02538243145896013,611.0520722635495
8329 NE Juanita Dr,98034,Kirkland,Kirkland,Central Eastside,750.0,1050000,2026-09-18,1400000.0,1100000.0,4,True,526.0,494.0,-0.25,-0.045454545454545414,1400.0
12704 NE 142nd Ct,98034,Kirkland,Kirkland,Central Eastside,1540.0,940000,2026-09-18,949500.0,949500.0,0,False,43.0,7.0,-0.010005265929436513,-0.010005265929436513,610.3896103896104
13950 127th Pl NE,98034,Kirkland,Kirkland,Central Eastside,1590.0,975000,2026-09-18,1050000.0,995000.0,1,False,69.0,45.0,-0.0714285714285714,-0.02010050251256279,613.2075471698113
13232 NE 130th Pl,98034,Kirkland,Kirkland,Central Eastside,1850.0,1000000,2026-09-18,1085000.0,1050000.0,2,True,77.0,46.0,-0.07834101382488479,-0.04761904761904767,540.5405405405405
7649 NE 125th St,98034,Kirkland,Kirkland,Central Eastside,2150.0,1250000,2026-09-18,1300000.0,1300000.0,0,False,22.0,7.0,-0.038461538461538436,-0.038461538461538436,581.3953488372093
7814 NE 135th Pl,98034,Kirkland,Kirkland,Central Eastside,1870.0,980000,2026-09-16,1150000.0,1000000.0,3,True,110.0,79.0,-0.14782608695652177,-0.020000000000000018,524.0641711229947
10417 NE 142nd St,98034,Kirkland,Kirkland,Central Eastside,1710.0,800000,2026-09-16,1000000.0,848000.0,4,False,95.0,86.0,-0.19999999999999996,-0.05660377358490565,467.8362573099415
7832 NE 121st Ln Unit A,98034,Kirkland,Kirkland,Central Eastside,2036.0,1108000,2026-09-15,1128000.0,1128000.0,0,True,69.0,44.0,-0.01773049645390068,-0.01773049645390068,544.2043222003929
8603 NE 141st St,98034,Kirkland,Kirkland,Central Eastside,2750.0,1530000,2026-09-14,1549500.0,1549500.0,0,False,32.0,7.0,-0.012584704743465625,-0.012584704743465625,556.3636363636364
12112 94th Pl NE,98034,Kirkland,Kirkland,Central Eastside,4021.0,2800000,2026-09-14,3150000.0,2899990.0,2,False,132.0,81.0,-0.11111111111111116,-0.03447942923941116,696.3441929868192
8005 NE 120th St,98034,Kirkland,Kirkland,Central Eastside,1602.0,1047000,2026-09-14,1100000.0,1050000.0,1,False,62.0,35.0,-0.048181818181818215,-0.0028571428571428914,653.558052434457
14532 119th Ave NE,98034,Kirkland,Kirkland,Central Eastside,1900.0,1075000,2026-09-14,1150000.0,1125000.0,1,False,81.0,49.0,-0.06521739130434778,-0.0444444444444444,565.7894736842105
12005 NE 134th Pl,98034,Kirkland,Kirkland,Central Eastside,2250.0,1035000,2026-09-11,1099999.0,1049999.0,1,True,71.0,70.0,-0.05909005371823062,-0.014284775509309955,460.0
12938 NE 136th Pl,98034,Kirkland,Kirkland,Central Eastside,1979.0,1195000,2026-09-11,1249995.0,1200000.0,1,False,45.0,27.0,-0.043996175984703956,-0.004166666666666652,603.8403233956544
13314 78th Pl NE,98034,Kirkland,Kirkland,Central Eastside,3896.0,1425000,2026-09-10,1799000.0,1599000.0,1,True,132.0,104.0,-0.207893274041134,-0.10881801125703561,365.75975359342914
13711 NE 135th Pl,98034,Kirkland,Kirkland,Central Eastside,3290.0,1888800,2026-09-09,2100000.0,2100000.0,0,True,90.0,59.0,-0.10057142857142853,-0.10057142857142853,574.1033434650456
11506 79th Way NE,98034,Kirkland,Kirkland,Central Eastside,2540.0,1360000,2026-09-04,1360000.0,1360000.0,0,False,36.0,24.0,0.0,0.0,535.4330708661417
9026 NE 127th Pl,98034,Kirkland,Kirkland,Central Eastside,4000.0,1812500,2026-09-04,2400000.0,1800000.0,1,True,203.0,180.0,-0.24479166666666663,0.00694444444444442,453.125
12510 Holmes Point Dr NE,98034,Kirkland,Kirkland,Central Eastside,5380.0,2650000,2026-09-04,2580000.0,2580000.0,0,False,24.0,4.0,0.027131782945736482,0.027131782945736482,492.5650557620818
10923 NE 120th St,98034,Kirkland,Kirkland,Central Eastside,1980.0,905000,2026-09-02,849950.0,849950.0,0,False,7.0,1.0,0.06476851579504683,0.06476851579504683,457.07070707070704
6620 NE 129th St,98034,Kirkland,Kirkland,Central Eastside,2440.0,1180000,2026-09-02,1230000.0,1230000.0,0,False,75.0,47.0,-0.04065040650406504,-0.04065040650406504,483.60655737704917
12916 NE 136th Pl,98034,Kirkland,Kirkland,Central Eastside,2160.0,985000,2026-09-02,985000.0,985000.0,0,False,12.0,0.0,0.0,0.0,456.01851851851853
12820 87th Ave NE,98034,Kirkland,Kirkland,Central Eastside,1820.0,970000,2026-08-31,1125000.0,1000000.0,2,False,67.0,44.0,-0.13777777777777778,-0.030000000000000027,532.967032967033
12829 109th Ave NE,98034,Kirkland,Kirkland,Central Eastside,2616.0,1305000,2026-08-28,1300000.0,1300000.0,0,False,46.0,19.0,0.0038461538461538325,0.0038461538461538325,498.8532110091743
14205 119th Ave NE,98034,Kirkland,Kirkland,Central Eastside,1650.0,1220000,2026-08-28,1258000.0,1258000.0,0,False,42.0,31.0,-0.030206677265500748,-0.030206677265500748,739.3939393939394
11119 NE 142nd St,98034,Kirkland,Kirkland,Central Eastside,1959.0,1100000,2026-08-28,1100000.0,1100000.0,0,False,35.0,13.0,0.0,0.0,561.5109749872383
13610 116th Pl NE,98034,Kirkland,Kirkland,Central Eastside,2580.0,1479000,2026-08-27,1489000.0,1489000.0,0,False,35.0,8.0,-0.006715916722632609,-0.006715916722632609,573.2558139534884
13413 NE 132nd St,98034,Kirkland,Kirkland,Central Eastside,1900.0,1050000,2026-08-27,1050000.0,1050000.0,0,False,35.0,4.0,0.0,0.0,552.6315789473684
12802 NE 142nd St,98034,Kirkland,Kirkland,Central Eastside,1640.0,1167000,2026-08-27,1250000.0,1175000.0,3,True,125.0,94.0,-0.06640000000000001,-0.006808510638297904,711.5853658536586
8503 NE Juanita Dr,98034,Kirkland,Kirkland,Central Eastside,3250.0,3800000,2026-08-27,4500000.0,4500000.0,0,True,111.0,88.0,-0.15555555555555556,-0.15555555555555556,1169.2307692307693
12017 106th Ave NE,98034,Kirkland,Kirkland,Central Eastside,2304.0,1270000,2026-08-26,1325000.0,1325000.0,0,False,62.0,27.0,-0.04150943396226414,-0.04150943396226414,551.2152777777778
14014 118th Ave NE,98034,Kirkland,Kirkland,Central Eastside,2127.0,1045000,2026-08-25,1299000.0,1099900.0,4,False,131.0,95.0,-0.19553502694380287,-0.049913628511682906,491.3023037141514
9121 NE 143rd Pl,98034,Kirkland,Kirkland,Central Eastside,2330.0,910000,2026-08-25,999750.0,999750.0,0,True,33.0,21.0,-0.0897724431107777,-0.0897724431107777,390.5579399141631
13426 121st Ave NE,98034,Kirkland,Kirkland,Central Eastside,1540.0,875000,2026-08-24,998000.0,998000.0,0,True,59.0,40.0,-0.1232464929859719,-0.1232464929859719,568.1818181818181
7015 NE 138th St,98034,Kirkland,Kirkland,Central Eastside,2780.0,1600000,2026-08-24,1730000.0,1730000.0,0,True,87.0,66.0,-0.07514450867052025,-0.07514450867052025,575.5395683453237
21331 9th Pl W,98036,Lynnwood,Lynnwood & Martha Lake,Lynnwood & Mukilteo,1784.0,865000,2026-09-21,859995.0,859995.0,0,False,39.0,7.0,0.0058198012779144825,0.0058198012779144825,484.86547085201795
20418 54th Ave W,98036,Lynnwood,Lynnwood & Martha Lake,Lynnwood & Mukilteo,1778.0,799990,2026-09-10,815000.0,799990.0,1,False,49.0,16.0,-0.01841717791411046,0.0,449.93813273340834
1132 Crawford Rd,98036,Lynnwood,Lynnwood & Martha Lake,Lynnwood & Mukilteo,1864.0,915000,2026-09-03,950000.0,950000.0,0,False,91.0,63.0,-0.0368421052631579,-0.0368421052631579,490.87982832618025
4215 189th Pl SW,98036,Lynnwood,Lynnwood & Martha Lake,Lynnwood & Mukilteo,1566.0,770000,2026-09-03,799999.0,779999.0,1,False,91.0,42.0,-0.03749879687349611,-0.012819247204163053,491.698595146871
1515 213th Pl SW,98036,Lynnwood,Lynnwood & Martha Lake,Lynnwood & Mukilteo,1596.0,679000,2026-09-03,714900.0,679000.0,2,False,76.0,43.0,-0.05021681354035534,0.0,425.43859649122805
24210 34th Ave W,98036,Brier,Lynnwood & Martha Lake,Lynnwood & Mukilteo,5722.0,2525000,2026-09-01,2488970.0,2488970.0,0,False,39.0,6.0,0.014475867527531383,0.014475867527531383,441.279272981475
4231 188th Pl SW,98036,Lynnwood,Lynnwood & Martha Lake,Lynnwood & Mukilteo,1488.0,600000,2026-09-01,724900.0,684900.0,1,False,68.0,33.0,-0.1722996275348324,-0.1239597021462987,403.2258064516129
18930 66th Pl W,98036,Lynnwood,Lynnwood & Martha Lake,Lynnwood & Mukilteo,2046.0,760000,2026-08-31,875000.0,774900.0,3,True,157.0,140.0,-0.13142857142857145,-0.0192282875209705,371.45650048875854
3121 206th Pl SW,98036,Lynnwood,Lynnwood & Martha Lake,Lynnwood & Mukilteo,2200.0,920000,2026-08-31,949000.0,929000.0,1,False,73.0,49.0,-0.030558482613277094,-0.009687836383207804,418.1818181818182
21124 50th Pl W,98036,Lynnwood,Lynnwood & Martha Lake,Lynnwood & Mukilteo,1221.0,660000,2026-08-28,660000.0,660000.0,0,False,58.0,28.0,0.0,0.0,540.5405405405405
2102 Vine Rd,98036,Brier,Lynnwood & Martha Lake,Lynnwood & Mukilteo,1573.0,1015000,2026-08-28,999000.0,999000.0,0,False,15.0,2.0,0.0160160160160161,0.0160160160160161,645.2638270820089
3701 206th Pl SW,98036,Lynnwood,Lynnwood & Martha Lake,Lynnwood & Mukilteo,2324.0,908000,2026-08-27,949990.0,949990.0,0,False,28.0,8.0,-0.04420046526805543,-0.04420046526805543,390.70567986230634
23006 35th Ave W,98036,Brier,Lynnwood & Martha Lake,Lynnwood & Mukilteo,2752.0,1000000,2026-08-25,1099950.0,1044950.0,1,True,76.0,45.0,-0.09086776671666896,-0.04301641226852959,363.3720930232558
20604 Damson Rd,98036,Lynnwood,Lynnwood & Martha Lake,Lynnwood & Mukilteo,2098.0,849000,2026-08-24,949000.0,899500.0,1,True,87.0,61.0,-0.10537407797681775,-0.05614230127848807,404.67111534795043
3630 166th Pl SW,98037,Lynnwood,Lynnwood & Martha Lake,Lynnwood & Mukilteo,2578.0,996500,2026-09-21,999000.0,999000.0,0,True,61.0,37.0,-0.0025025025025025016,-0.0025025025025025016,386.5399534522886
5724 Hillpointe Cir,98037,Lynnwood,Lynnwood & Martha Lake,Lynnwood & Mukilteo,2150.0,731000,2026-09-17,839900.0,820000.0,1,False,57.0,29.0,-0.1296582926538874,-0.10853658536585364,340.0
,98037,Lynnwood,Lynnwood & Martha Lake,Lynnwood & Mukilteo,3080.0,1519500,2026-09-14,1649000.0,1649000.0,0,True,98.0,51.0,-0.07853244390539726,-0.07853244390539726,493.34415584415586
1521 184th St SW,98037,Lynnwood,Lynnwood & Martha Lake,Lynnwood & Mukilteo,2773.0,1000000,2026-09-10,1178000.0,1178000.0,0,True,105.0,63.0,-0.15110356536502545,-0.15110356536502545,360.62026685899747
17830 14th Pl W,98037,Lynnwood,Lynnwood & Martha Lake,Lynnwood & Mukilteo,2071.0,835000,2026-09-09,864950.0,864950.0,0,False,40.0,7.0,-0.03462627897566328,-0.03462627897566328,403.1868662481893
16616 37th Pl W,98037,Lynnwood,Lynnwood & Martha Lake,Lynnwood & Mukilteo,1454.0,735000,2026-09-08,779000.0,769000.0,1,False,82.0,58.0,-0.056482670089858744,-0.044213263979193784,505.50206327372763
6110 186th St SW,98037,Lynnwood,Lynnwood & Martha Lake,Lynnwood & Mukilteo,2468.0,850000,2026-09-08,899950.0,849950.0,3,False,104.0,72.0,-0.05550308350463917,5.882698982295764e-05,344.40842787682334
17906 Larch Way,98037,Lynnwood,Lynnwood & Martha Lake,Lynnwood & Mukilteo,2287.0,969000,2026-09-03,969000.0,969000.0,0,False,35.0,5.0,0.0,0.0,423.6991692173153
1226 178th St SW,98037,Lynnwood,Lynnwood & Martha Lake,Lynnwood & Mukilteo,2714.0,900000,2026-09-03,950000.0,900000.0,2,False,78.0,43.0,-0.052631578947368474,0.0,331.6138540899042
18509 43rd Pl W,98037,Lynnwood,Lynnwood & Martha Lake,Lynnwood & Mukilteo,2187.0,790000,2026-09-01,769950.0,769950.0,0,False,34.0,4.0,0.026040651990389074,0.026040651990389074,361.225422953818
3516 176th Pl SW,98037,Lynnwood,Lynnwood & Martha Lake,Lynnwood & Mukilteo,2384.0,850000,2026-08-28,849950.0,849950.0,0,False,50.0,13.0,5.882698982295764e-05,5.882698982295764e-05,356.5436241610738
1817 180th Pl SW,98037,Lynnwood,Lynnwood & Martha Lake,Lynnwood & Mukilteo,2804.0,865000,2026-08-27,999900.0,899900.0,1,True,135.0,109.0,-0.13491349134913488,-0.03878208689854423,308.4878744650499
1022 181st Pl SW,98037,Lynnwood,Lynnwood & Martha Lake,Lynnwood & Mukilteo,2700.0,900000,2026-08-26,1015000.0,994500.0,1,True,117.0,99.0,-0.11330049261083741,-0.09502262443438914,333.3333333333333
18201 Renton Maple Valley Rd SE,98038,Maple Valley,Maple Valley & Black Diamond,Southeast King,1490.0,700000,2026-09-21,789000.0,749000.0,2,False,216.0,186.0,-0.11280101394169839,-0.06542056074766356,469.7986577181208
20919 SE 213th St,98038,Maple Valley,Maple Valley & Black Diamond,Southeast King,3000.0,1460000,2026-09-21,1685000.0,1499500.0,2,True,94.0,62.0,-0.13353115727002962,-0.026342114038012676,486.6666666666667
23624 228th Pl SE,98038,Maple Valley,Maple Valley & Black Diamond,Southeast King,3017.0,990000,2026-09-21,1158988.0,1158988.0,0,True,51.0,37.0,-0.14580651395872957,-0.14580651395872957,328.1405369572423
26302 SE 192nd St,98038,Maple Valley,Maple Valley & Black Diamond,Southeast King,1850.0,1350000,2026-09-16,1550000.0,1398000.0,2,False,83.0,64.0,-0.12903225806451613,-0.03433476394849788,729.7297297297297
21331 236th Ave SE,98038,Maple Valley,Maple Valley & Black Diamond,Southeast King,4420.0,825000,2026-09-15,900000.0,900000.0,0,False,33.0,8.0,-0.08333333333333337,-0.08333333333333337,186.65158371040724
28213 225th Pl SE,98038,Maple Valley,Maple Valley & Black Diamond,Southeast King,2318.0,775000,2026-09-11,835000.0,799950.0,1,False,78.0,45.0,-0.07185628742514971,-0.031189449340583764,334.33994823123385
24066 SE 262nd Pl,98038,Maple Valley,Maple Valley & Black Diamond,Southeast King,1583.0,639999,2026-09-11,639999.0,625000.0,1,False,57.0,29.0,0.0,0.023998399999999975,404.2950094756791
26012 221st Pl SE,98038,Maple Valley,Maple Valley & Black Diamond,Southeast King,1090.0,510000,2026-09-10,525000.0,525000.0,0,False,26.0,13.0,-0.02857142857142858,-0.02857142857142858,467.88990825688074
24505 229th Ct SE,98038,Maple Valley,Maple Valley & Black Diamond,Southeast King,1910.0,725000,2026-09-09,750000.0,725000.0,1,False,54.0,25.0,-0.033333333333333326,0.0,379.5811518324607
25108 234th Ave SE,98038,Maple Valley,Maple Valley & Black Diamond,Southeast King,3650.0,1425000,2026-09-08,1475000.0,1475000.0,0,False,82.0,54.0,-0.03389830508474578,-0.03389830508474578,390.4109589041096
25417 Lake Wilderness Country Club Dr SE,98038,Maple Valley,Maple Valley & Black Diamond,Southeast King,1890.0,760000,2026-09-04,770000.0,770000.0,0,False,16.0,2.0,-0.012987012987012991,-0.012987012987012991,402.1164021164021
26832 223rd Ln SE,98038,Maple Valley,Maple Valley & Black Diamond,Southeast King,2590.0,850000,2026-09-04,850000.0,850000.0,0,False,78.0,35.0,0.0,0.0,328.18532818532816
27610 239th Pl SE,98038,Maple Valley,Maple Valley & Black Diamond,Southeast King,2450.0,769950,2026-09-04,769950.0,769950.0,0,False,50.0,22.0,0.0,0.0,314.265306122449
19034 364th Ave SE,98038,Maple Valley,Maple Valley & Black Diamond,Southeast King,2700.0,1100000,2026-08-31,1280000.0,1149000.0,3,False,125.0,104.0,-0.140625,-0.04264577893820709,407.4074074074074
23546 SE 271st St,98038,Maple Valley,Maple Valley & Black Diamond,Southeast King,3060.0,925000,2026-08-28,1150000.0,950000.0,2,True,104.0,79.0,-0.19565217391304346,-0.02631578947368418,302.2875816993464
24847 208th Ave SE,98038,Maple Valley,Maple Valley & Black Diamond,Southeast King,1360.0,540000,2026-08-28,525000.0,525000.0,0,False,29.0,3.0,0.02857142857142847,0.02857142857142847,397.05882352941177
22015 SE 267th St,98038,Maple Valley,Maple Valley & Black Diamond,Southeast King,1250.0,552000,2026-08-28,565000.0,565000.0,0,False,28.0,9.0,-0.023008849557522137,-0.023008849557522137,441.6
24216 231st Ave SE,98038,Maple Valley,Maple Valley & Black Diamond,Southeast King,2020.0,769000,2026-08-28,769000.0,769000.0,0,False,22.0,3.0,0.0,0.0,380.6930693069307
23236 SE 262nd Ct,98038,Maple Valley,Maple Valley & Black Diamond,Southeast King,3000.0,880000,2026-08-28,899950.0,899950.0,0,False,50.0,15.0,-0.022167898216567616,-0.022167898216567616,293.3333333333333
24262 197th Ave SE,98038,Maple Valley,Maple Valley & Black Diamond,Southeast King,2150.0,860000,2026-08-28,899500.0,899500.0,0,False,28.0,13.0,-0.0439132851584213,-0.0439132851584213,400.0
24216 237th Way SE,98038,Maple Valley,Maple Valley & Black Diamond,Southeast King,2180.0,750000,2026-08-27,815000.0,749950.0,4,False,111.0,83.0,-0.07975460122699385,6.667111140745696e-05,344.0366972477064
27719 217th Ave SE,98038,Maple Valley,Maple Valley & Black Diamond,Southeast King,1550.0,665000,2026-08-26,725000.0,669000.0,2,False,69.0,38.0,-0.08275862068965523,-0.005979073243647215,429.03225806451616
22057 SE 269th Pl,98038,Maple Valley,Maple Valley & Black Diamond,Southeast King,1750.0,725000,2026-08-25,745000.0,745000.0,0,True,151.0,113.0,-0.02684563758389258,-0.02684563758389258,414.2857142857143
22424 243rd Pl SE,98038,Maple Valley,Maple Valley & Black Diamond,Southeast King,2690.0,1200000,2026-08-25,1230000.0,1230000.0,0,False,80.0,39.0,-0.024390243902439046,-0.024390243902439046,446.09665427509293
28117 239th Pl SE,98038,Maple Valley,Maple Valley & Black Diamond,Southeast King,1910.0,625000,2026-08-24,739950.0,649950.0,2,True,97.0,54.0,-0.1553483343469153,-0.03838756827448264,327.22513089005236
8826 NE 2nd Pl,98039,Medina,Bellevue West & Medina,Central Eastside,5863.0,6915000,2026-09-18,7350000.0,7350000.0,0,False,107.0,79.0,-0.0591836734693878,-0.0591836734693878,1179.4303257717893
8821 SE 39th St,98040,Mercer Island,Mercer Island,Mercer Island,4310.0,3200000,2026-09-21,3275000.0,3275000.0,0,False,32.0,9.0,-0.022900763358778664,-0.022900763358778664,742.4593967517401
4525 90th Ave SE,98040,Mercer Island,Mercer Island,Mercer Island,3787.0,3150000,2026-09-16,3350000.0,3250000.0,1,False,131.0,97.0,-0.05970149253731338,-0.03076923076923077,831.7929759704251
8534 SE 79th Pl,98040,Mercer Island,Mercer Island,Mercer Island,2510.0,2150000,2026-09-15,2195000.0,2195000.0,0,False,32.0,4.0,-0.02050113895216399,-0.02050113895216399,856.5737051792829
5021 E Mercer Way,98040,Mercer Island,Mercer Island,Mercer Island,3234.0,1865000,2026-09-15,1915000.0,1895000.0,1,False,83.0,41.0,-0.026109660574412552,-0.0158311345646438,576.6852195423623
7580 SE 71st St,98040,Mercer Island,Mercer Island,Mercer Island,3610.0,3350000,2026-09-10,3798000.0,3575000.0,2,True,211.0,183.0,-0.11795681937862035,-0.06293706293706292,927.9778393351801
7416 Mercer Terrace Dr,98040,Mercer Island,Mercer Island,Mercer Island,4400.0,2300000,2026-09-04,2495000.0,2495000.0,0,False,44.0,23.0,-0.07815631262525047,-0.07815631262525047,522.7272727272727
5830 W Mercer Way,98040,Mercer Island,Mercer Island,Mercer Island,5680.0,2500000,2026-09-04,2650000.0,2650000.0,0,False,43.0,11.0,-0.05660377358490565,-0.05660377358490565,440.14084507042253
49 Holly Hill Dr,98040,Mercer Island,Mercer Island,Mercer Island,4480.0,8550000,2026-09-04,7650000.0,7650000.0,0,False,16.0,2.0,0.11764705882352944,0.11764705882352944,1908.482142857143
7616 SE 37th Pl,98040,Mercer Island,Mercer Island,Mercer Island,2060.0,1815000,2026-09-03,1869000.0,1869000.0,0,False,57.0,27.0,-0.028892455858748,-0.028892455858748,881.0679611650486
4526 89th Ave SE,98040,Mercer Island,Mercer Island,Mercer Island,4021.0,3475000,2026-09-01,3599950.0,3475000.0,1,False,75.0,38.0,-0.034708815400213866,0.0,864.2128823675703
4102 96th Ave SE,98040,Mercer Island,Mercer Island,Mercer Island,2440.0,1998000,2026-08-31,1998000.0,1998000.0,0,False,20.0,7.0,0.0,0.0,818.8524590163935
6815 E Mercer Way,98040,Mercer Island,Mercer Island,Mercer Island,2960.0,2125000,2026-08-28,2175000.0,2175000.0,0,False,33.0,4.0,-0.02298850574712641,-0.02298850574712641,717.9054054054054
2728 60th Ave SE,98040,Mercer Island,Mercer Island,Mercer Island,1110.0,2200000,2026-08-26,2150000.0,2150000.0,0,False,20.0,1.0,0.023255813953488413,0.023255813953488413,1981.981981981982
7204 78th Ave SE,98040,Mercer Island,Mercer Island,Mercer Island,3040.0,1800000,2026-08-24,2099000.0,2099000.0,0,False,108.0,62.0,-0.14244878513577897,-0.14244878513577897,592.1052631578947
7247 SE 29th St,98040,Mercer Island,Mercer Island,Mercer Island,1450.0,2000000,2026-08-24,1850000.0,1850000.0,0,False,17.0,4.0,0.08108108108108114,0.08108108108108114,1379.3103448275863
15906 SE 255th St,98042,Covington,Covington & East Kent,Southeast King,2201.0,675000,2026-09-18,675000.0,675000.0,0,False,44.0,2.0,0.0,0.0,306.6787823716493
18007 SE 250th Pl Unit 1,98042,Covington,Covington & East Kent,Southeast King,2697.0,799950,2026-09-18,799950.0,799950.0,0,False,58.0,5.0,0.0,0.0,296.607341490545
20111 143rd Pl SE,98042,Kent,Covington & East Kent,Southeast King,1050.0,475000,2026-09-18,475000.0,475000.0,0,False,36.0,8.0,0.0,0.0,452.3809523809524
26918 140th Ave SE,98042,Kent,Covington & East Kent,Southeast King,3300.0,2015000,2026-09-18,2100000.0,2100000.0,0,False,99.0,50.0,-0.04047619047619044,-0.04047619047619044,610.6060606060606
21420 SE 291st St,98042,Kent,Covington & East Kent,Southeast King,1690.0,641000,2026-09-18,649950.0,649950.0,0,False,43.0,4.0,-0.01377029002230945,-0.01377029002230945,379.2899408284024
24728 142nd Ave SE,98042,Kent,Covington & East Kent,Southeast King,4418.0,1725000,2026-09-18,1650000.0,1650000.0,0,False,15.0,2.0,0.045454545454545414,0.045454545454545414,390.4481665912177
18851 SE 244th Pl,98042,Covington,Covington & East Kent,Southeast King,1450.0,609000,2026-09-17,650000.0,599950.0,1,False,72.0,51.0,-0.06307692307692303,0.015084590382531848,420.0
26218 190th Pl SE,98042,Covington,Covington & East Kent,Southeast King,1370.0,539900,2026-09-17,589900.0,549900.0,2,False,90.0,56.0,-0.08476012883539585,-0.018185124568103284,394.0875912408759
26910 138th Ave SE,98042,Kent,Covington & East Kent,Southeast King,1530.0,524500,2026-09-16,525000.0,525000.0,0,False,27.0,5.0,-0.0009523809523809268,-0.0009523809523809268,342.81045751633985
29040 215th Pl SE,98042,Kent,Covington & East Kent,Southeast King,2220.0,604000,2026-09-15,625000.0,625000.0,0,False,25.0,3.0,-0.03359999999999996,-0.03359999999999996,272.07207207207205
19216 SE 278th St,98042,Kent,Covington & East Kent,Southeast King,2040.0,750000,2026-09-15,795000.0,795000.0,0,False,183.0,123.0,-0.05660377358490565,-0.05660377358490565,367.6470588235294
25012 181st Ave SE Unit 5,98042,Covington,Covington & East Kent,Southeast King,3070.0,965000,2026-09-14,1174950.0,1074950.0,2,True,235.0,203.0,-0.178688454827865,-0.10228382715475137,314.33224755700326
24820 136th Ave SE,98042,Kent,Covington & East Kent,Southeast King,4270.0,1375000,2026-09-11,1375000.0,1375000.0,0,False,44.0,20.0,0.0,0.0,322.0140515222482
20632 SE 288th Pl,98042,Kent,Covington & East Kent,Southeast King,2550.0,740000,2026-09-11,824950.0,749950.0,5,False,182.0,153.0,-0.10297593793563242,-0.013267551170078051,290.19607843137254
24047 192nd Pl SE,98042,Covington,Covington & East Kent,Southeast King,2320.0,1052330,2026-09-11,1200000.0,1099000.0,3,False,120.0,85.0,-0.12305833333333338,-0.04246587807097357,453.5905172413793
26408 134th Pl SE,98042,Kent,Covington & East Kent,Southeast King,3260.0,825000,2026-09-11,985000.0,895000.0,2,True,226.0,190.0,-0.1624365482233503,-0.07821229050279332,253.06748466257667
16917 SE 257th Pl,98042,Covington,Covington & East Kent,Southeast King,3291.0,940000,2026-09-11,940000.0,940000.0,0,False,37.0,7.0,0.0,0.0,285.62746885445154
14121 SE 228th St,98042,Kent,Covington & East Kent,Southeast King,2600.0,1100000,2026-09-10,1200000.0,1200000.0,0,False,58.0,37.0,-0.08333333333333337,-0.08333333333333337,423.0769230769231
17245 SE 262nd St,98042,Covington,Covington & East Kent,Southeast King,3200.0,776000,2026-09-09,850000.0,800000.0,2,True,145.0,110.0,-0.08705882352941174,-0.030000000000000027,242.5
14639 SE 267th St,98042,Kent,Covington & East Kent,Southeast King,2780.0,1055000,2026-09-09,1135000.0,1135000.0,0,False,34.0,8.0,-0.07048458149779735,-0.07048458149779735,379.49640287769785
25436 163rd Pl SE,98042,Covington,Covington & East Kent,Southeast King,2470.0,824999,2026-09-04,839000.0,824999.0,1,False,84.0,40.0,-0.01668772348033376,0.0,334.0076923076923
29040 188th Ave SE,98042,Kent,Covington & East Kent,Southeast King,1990.0,700000,2026-09-04,850000.0,725000.0,1,False,29.0,12.0,-0.17647058823529416,-0.03448275862068961,351.75879396984925
26320 191st Pl SE,98042,Covington,Covington & East Kent,Southeast King,880.0,485000,2026-09-04,495000.0,495000.0,0,False,44.0,11.0,-0.02020202020202022,-0.02020202020202022,551.1363636363636
18008 SE 250th Pl Unit 8,98042,Covington,Covington & East Kent,Southeast King,3070.0,939950,2026-09-04,939950.0,939950.0,0,False,38.0,10.0,0.0,0.0,306.1726384364821
26631 204th Ave SE,98042,Covington,Covington & East Kent,Southeast King,2190.0,950000,2026-09-04,1400000.0,1200000.0,1,True,179.0,113.0,-0.3214285714285714,-0.20833333333333337,433.78995433789953
31089 E Lake Morton Dr SE,98042,Kent,Covington & East Kent,Southeast King,1160.0,675000,2026-09-04,725000.0,695000.0,1,False,91.0,64.0,-0.06896551724137934,-0.02877697841726623,581.8965517241379
30445 188th Ave SE,98042,Kent,Covington & East Kent,Southeast King,3000.0,578000,2026-09-02,699000.0,649995.0,2,False,201.0,178.0,-0.17310443490701,-0.11076239047992675,192.66666666666666
17605 SE 267th Pl,98042,Covington,Covington & East Kent,Southeast King,1490.0,630000,2026-09-02,630000.0,630000.0,0,False,34.0,2.0,0.0,0.0,422.81879194630875
17517 SE 293rd Pl,98042,Kent,Covington & East Kent,Southeast King,2600.0,749995,2026-09-01,749995.0,749995.0,0,True,52.0,27.0,0.0,0.0,288.4596153846154
18901 SE 281st St,98042,Kent,Covington & East Kent,Southeast King,2540.0,1035000,2026-08-31,1099990.0,1099990.0,0,False,46.0,36.0,-0.05908235529413908,-0.05908235529413908,407.4803149606299
13741 SE 201st St,98042,Kent,Covington & East Kent,Southeast King,1680.0,695000,2026-08-31,749950.0,695000.0,2,False,93.0,45.0,-0.07327155143676245,0.0,413.6904761904762
29938 200th Ct SE,98042,Kent,Covington & East Kent,Southeast King,2740.0,910000,2026-08-28,925000.0,899950.0,1,False,71.0,48.0,-0.01621621621621616,0.01116728707150405,332.11678832116786
18019 SE 250th Pl Unit 3,98042,Covington,Covington & East Kent,Southeast King,3070.0,924950,2026-08-28,1124950.0,1024950.0,2,True,281.0,249.0,-0.1777856793635273,-0.0975657349138982,301.2866449511401
18022 SE 250th Pl Unit 6,98042,Covington,Covington & East Kent,Southeast King,2697.0,819950,2026-08-27,819950.0,819950.0,0,False,33.0,3.0,0.0,0.0,304.02298850574715
15024 SE 253rd Pl,98042,Covington,Covington & East Kent,Southeast King,1490.0,610000,2026-08-27,609950.0,609950.0,0,False,53.0,12.0,8.19739322894808e-05,8.19739322894808e-05,409.3959731543624
14424 SE 278th Pl,98042,Kent,Covington & East Kent,Southeast King,2570.0,730000,2026-08-27,750000.0,735000.0,1,False,48.0,26.0,-0.026666666666666616,-0.006802721088435382,284.0466926070039
31602 W Lake Morton Dr SE,98042,Kent,Covington & East Kent,Southeast King,1314.0,800000,2026-08-26,800000.0,800000.0,0,False,63.0,33.0,0.0,0.0,608.8280060882801
13249 SE 261st St,98042,Kent,Covington & East Kent,Southeast King,2200.0,849500,2026-08-26,879500.0,849500.0,1,False,83.0,61.0,-0.034110289937464455,0.0,386.1363636363636
25040 180th Ave SE,98042,Kent,Covington & East Kent,Southeast King,1580.0,660000,2026-08-26,729000.0,699000.0,1,True,117.0,73.0,-0.09465020576131689,-0.05579399141630903,417.72151898734177
16202 SE 260th St,98042,Covington,Covington & East Kent,Southeast King,2501.0,677000,2026-08-25,880000.0,679000.0,6,True,333.0,298.0,-0.2306818181818182,-0.002945508100147265,270.69172331067574
20126 SE 308th St,98042,Kent,Covington & East Kent,Southeast King,2800.0,1195000,2026-08-24,1285000.0,1285000.0,0,True,74.0,48.0,-0.07003891050583655,-0.07003891050583655,426.7857142857143
29802 201st Pl SE,98042,Kent,Covington & East Kent,Southeast King,2410.0,868500,2026-08-24,899950.0,875000.0,1,False,66.0,54.0,-0.03494638591032839,-0.007428571428571451,360.37344398340247
19656 SE 260th St,98042,Covington,Covington & East Kent,Southeast King,1280.0,536500,2026-08-24,529950.0,529950.0,0,False,18.0,4.0,0.012359656571374611,0.012359656571374611,419.140625
22605 61st Ave W,98043,Mountlake Terrace,Mountlake Terrace,Shoreline & Edmonds,1034.0,585000,2026-09-17,600000.0,585000.0,1,False,66.0,36.0,-0.025000000000000022,0.0,565.7640232108317
5801 214th St SW,98043,Mountlake Terrace,Mountlake Terrace,Shoreline & Edmonds,952.0,624000,2026-09-16,625000.0,625000.0,0,False,76.0,41.0,-0.0016000000000000458,-0.0016000000000000458,655.4621848739496
21903 42nd Pl W,98043,Mountlake Terrace,Mountlake Terrace,Shoreline & Edmonds,950.0,630000,2026-09-16,674950.0,674950.0,0,True,34.0,26.0,-0.06659752574264766,-0.06659752574264766,663.1578947368421
23304 55th Ave W,98043,Mountlake Terrace,Mountlake Terrace,Shoreline & Edmonds,1667.0,681000,2026-09-09,779000.0,699000.0,5,False,145.0,120.0,-0.1258023106546855,-0.025751072961373356,408.51829634073187
4204 219th St SW,98043,Mountlake Terrace,Mountlake Terrace,Shoreline & Edmonds,1870.0,975000,2026-09-03,999950.0,999950.0,0,False,54.0,26.0,-0.0249512475623781,-0.0249512475623781,521.3903743315508
4608 223rd St SW,98043,Mountlake Terrace,Mountlake Terrace,Shoreline & Edmonds,3372.0,1350000,2026-09-02,1399000.0,1399000.0,0,False,47.0,22.0,-0.03502501786990708,-0.03502501786990708,400.355871886121
22306 39th Ave W,98043,Mountlake Terrace,Mountlake Terrace,Shoreline & Edmonds,2202.0,535000,2026-09-01,500000.0,500000.0,0,False,26.0,5.0,0.07000000000000006,0.07000000000000006,242.96094459582199
5607 240th St SW,98043,Mountlake Terrace,Mountlake Terrace,Shoreline & Edmonds,1134.0,655000,2026-08-31,624950.0,624950.0,0,False,23.0,5.0,0.04808384670773669,0.04808384670773669,577.6014109347443
621 Glacier Ave S,98047,Pacific,Auburn & Pacific,South King,1530.0,425000,2026-09-21,425000.0,425000.0,0,False,47.0,5.0,0.0,0.0,277.77777777777777
326 4th Ave SE,98047,Pacific,Auburn & Pacific,South King,1080.0,515000,2026-09-15,515000.0,499950.0,1,False,55.0,27.0,0.0,0.03010301030103002,476.85185185185185
113 5th Ave SW,98047,Pacific,Auburn & Pacific,South King,1773.0,550000,2026-08-28,575000.0,575000.0,0,False,49.0,18.0,-0.04347826086956519,-0.04347826086956519,310.2086858432036
300 Butte Pl,98047,Pacific,Auburn & Pacific,South King,1480.0,535000,2026-08-27,535000.0,535000.0,0,False,34.0,4.0,0.0,0.0,361.4864864864865
10816 183rd Ave NE,98052,Redmond,Redmond,Central Eastside,2570.0,1385000,2026-09-21,1550000.0,1395000.0,6,True,152.0,122.0,-0.1064516129032258,-0.007168458781361964,538.9105058365759
17448 NE 122nd St,98052,Redmond,Redmond,Central Eastside,2920.0,2100000,2026-09-18,2250000.0,2250000.0,0,False,23.0,9.0,-0.06666666666666665,-0.06666666666666665,719.1780821917808
11906 161st Ave NE,98052,Redmond,Redmond,Central Eastside,3533.0,2300000,2026-09-18,2488000.0,2435000.0,1,False,127.0,94.0,-0.07556270096463025,-0.05544147843942504,651.0048117746958
15808 NE 112th St,98052,Redmond,Redmond,Central Eastside,2070.0,1090000,2026-09-18,1075000.0,1075000.0,0,False,22.0,3.0,0.013953488372093092,0.013953488372093092,526.5700483091788
14326 174th Ave NE,98052,Redmond,Redmond,Central Eastside,3080.0,1850000,2026-09-18,1949500.0,1949500.0,0,False,64.0,38.0,-0.05103872787894337,-0.05103872787894337,600.6493506493506
13702 173rd Pl NE,98052,Redmond,Redmond,Central Eastside,2460.0,1303000,2026-09-18,1398000.0,1374500.0,1,True,63.0,44.0,-0.0679542203147353,-0.05201891596944341,529.6747967479674
14119 NE 78th Ct,98052,Redmond,Redmond,Central Eastside,1200.0,700000,2026-09-17,739000.0,739000.0,0,False,34.0,12.0,-0.05277401894451961,-0.05277401894451961,583.3333333333334
6010 152nd Ave NE,98052,Redmond,Redmond,Central Eastside,2890.0,1399999,2026-09-17,1399999.0,1399999.0,0,False,36.0,3.0,0.0,0.0,484.4287197231834
13708 175th Ct NE,98052,Redmond,Redmond,Central Eastside,2020.0,1100000,2026-09-17,1199950.0,1250000.0,1,True,43.0,14.0,-0.08329513729738736,-0.12,544.5544554455446
13440 NE 83rd St,98052,Redmond,Redmond,Central Eastside,2500.0,1680000,2026-09-17,1688000.0,1688000.0,0,False,34.0,4.0,-0.004739336492891044,-0.004739336492891044,672.0
10632 157th Ave NE,98052,Redmond,Redmond,Central Eastside,2340.0,1425000,2026-09-16,1425000.0,1425000.0,0,False,48.0,14.0,0.0,0.0,608.974358974359
6203 144th Ave NE,98052,Redmond,Redmond,Central Eastside,1780.0,1525000,2026-09-15,1598800.0,1598800.0,0,False,55.0,27.0,-0.046159619714786104,-0.046159619714786104,856.7415730337078
2618 W Lake Sammamish Pkwy NE,98052,Redmond,Redmond,Central Eastside,2820.0,3100000,2026-09-15,3200000.0,3200000.0,0,False,33.0,7.0,-0.03125,-0.03125,1099.290780141844
13342 NE 69th Way,98052,Redmond,Redmond,Central Eastside,3162.0,2375000,2026-09-15,2350000.0,2350000.0,0,False,33.0,6.0,0.010638297872340496,0.010638297872340496,751.1068943706515
9216 169th Pl NE,98052,Redmond,Redmond,Central Eastside,1500.0,1060000,2026-09-14,1245000.0,1150000.0,2,False,103.0,84.0,-0.14859437751004012,-0.07826086956521738,706.6666666666666
9210 171st Ave NE,98052,Redmond,Redmond,Central Eastside,2670.0,1750000,2026-09-14,1799950.0,1799950.0,0,False,33.0,11.0,-0.027750770854745976,-0.027750770854745976,655.4307116104869
13653 Woodinville Redmond Rd NE,98052,Redmond,Redmond,Central Eastside,1750.0,1650000,2026-09-10,1700000.0,1700000.0,0,False,50.0,5.0,-0.02941176470588236,-0.02941176470588236,942.8571428571429
13834 175th Pl NE,98052,Redmond,Redmond,Central Eastside,1930.0,1175000,2026-09-09,1175000.0,1175000.0,0,False,35.0,2.0,0.0,0.0,608.8082901554404
18660 NE 53rd St,98052,Redmond,Redmond,Central Eastside,4403.0,3399990,2026-09-04,3699990.0,3598990.0,1,True,162.0,105.0,-0.08108130021973037,-0.05529329061764554,772.1985010220304
13424 NE 80th St,98052,Redmond,Redmond,Central Eastside,3590.0,2400000,2026-09-04,2700000.0,2588000.0,1,True,92.0,70.0,-0.11111111111111116,-0.07264296754250388,668.5236768802229
19003 NE 68th St,98052,Redmond,Redmond,Central Eastside,2230.0,1630000,2026-09-03,1695000.0,1695000.0,0,False,34.0,9.0,-0.03834808259587019,-0.03834808259587019,730.9417040358744
7624 141st Ave NE,98052,Redmond,Redmond,Central Eastside,1430.0,1190000,2026-09-02,1325000.0,1250000.0,2,True,81.0,51.0,-0.10188679245283017,-0.04800000000000004,832.1678321678322
6139 147th Pl NE,98052,Redmond,Redmond,Central Eastside,1980.0,1688000,2026-09-01,1749000.0,1698000.0,1,False,40.0,15.0,-0.03487707261292172,-0.005889281507656108,852.5252525252525
16442 NE 105th Pl,98052,Redmond,Redmond,Central Eastside,1680.0,980033,2026-09-01,950000.0,950000.0,0,False,27.0,8.0,0.03161368421052635,0.03161368421052635,583.3529761904762
11139 156th Pl NE,98052,Redmond,Redmond,Central Eastside,1840.0,918000,2026-08-31,850000.0,850000.0,0,False,25.0,5.0,0.08000000000000007,0.08000000000000007,498.9130434782609
14905 NE 73rd Ct,98052,Redmond,Redmond,Central Eastside,2320.0,1715000,2026-08-31,1725000.0,1725000.0,0,False,32.0,7.0,-0.005797101449275366,-0.005797101449275366,739.2241379310345
7311 152nd Ave NE,98052,Redmond,Redmond,Central Eastside,4349.0,3500000,2026-08-31,3574990.0,3574990.0,0,False,95.0,61.0,-0.020976282451139694,-0.020976282451139694,804.7827086686594
12926 164H Ave NE,98052,Redmond,Redmond,Central Eastside,2110.0,1400000,2026-08-31,1500000.0,1449000.0,2,False,74.0,47.0,-0.06666666666666665,-0.033816425120772986,663.5071090047394
11558 179th Ct NE,98052,Redmond,Redmond,Central Eastside,2300.0,1337000,2026-08-31,1439950.0,1399950.0,1,False,74.0,45.0,-0.07149553803951525,-0.04496589163898712,581.304347826087
18009 NE 103rd Ct,98052,Redmond,Redmond,Central Eastside,2110.0,1480000,2026-08-31,1585000.0,1550000.0,1,False,88.0,60.0,-0.06624605678233442,-0.04516129032258065,701.4218009478673
2225 179th Ave NE,98052,Redmond,Redmond,Central Eastside,2540.0,1395000,2026-08-28,1395000.0,1395000.0,0,False,8.0,1.0,0.0,0.0,549.2125984251968
11126 159th Ave NE,98052,Redmond,Redmond,Central Eastside,1840.0,1125000,2026-08-28,1275000.0,1175000.0,1,False,78.0,54.0,-0.11764705882352944,-0.04255319148936165,611.4130434782609
10711 177th Ct NE,98052,Redmond,Redmond,Central Eastside,2290.0,1580000,2026-08-28,1750000.0,1750000.0,0,True,91.0,59.0,-0.0971428571428572,-0.0971428571428572,689.9563318777292
7835 134th Ave NE,98052,Redmond,Redmond,Central Eastside,4699.0,3998990,2026-08-27,3998990.0,3998990.0,0,False,44.0,0.0,0.0,0.0,851.0300063843371
18316 NE 133rd St,98052,Redmond,Redmond,Central Eastside,3440.0,1462900,2026-08-27,1699900.0,1625000.0,2,True,125.0,96.0,-0.1394199658803459,-0.09975384615384619,425.26162790697674
3230 175th Ct NE,98052,Redmond,Redmond,Central Eastside,4350.0,2698000,2026-08-26,2698000.0,2698000.0,0,False,41.0,12.0,0.0,0.0,620.2298850574713
8920 168th Ave NE,98052,Redmond,Redmond,Central Eastside,1390.0,1175000,2026-08-26,1325000.0,1249000.0,2,True,159.0,140.0,-0.1132075471698113,-0.059247397918334666,845.3237410071943
7612 135th Pl NE,98052,Redmond,Redmond,Central Eastside,1812.0,1100000,2026-08-25,1198000.0,1150000.0,1,False,81.0,61.0,-0.08180300500834725,-0.04347826086956519,607.0640176600441
11720 201st Pl NE,98053,Redmond,Redmond Ridge & Union Hill,Central Eastside,3310.0,1967500,2026-09-18,2248000.0,2125000.0,1,True,128.0,105.0,-0.12477758007117434,-0.07411764705882351,594.4108761329305
7700 234th Pl NE,98053,Redmond,Redmond Ridge & Union Hill,Central Eastside,3050.0,1550000,2026-09-17,1849000.0,1799888.0,1,True,112.0,86.0,-0.1617090319091401,-0.1388353053078858,508.1967213114754
24242 NE 131st Ter,98053,Redmond,Redmond Ridge & Union Hill,Central Eastside,2170.0,1350000,2026-09-15,1650000.0,1398000.0,2,False,124.0,99.0,-0.18181818181818177,-0.03433476394849788,622.1198156682028
24132 NE 131st Ter,98053,Redmond,Redmond Ridge & Union Hill,Central Eastside,2160.0,1599000,2026-09-15,1875000.0,1695000.0,3,True,155.0,138.0,-0.1472,-0.05663716814159292,740.2777777777778
7351 216th Ave NE,98053,Redmond,Redmond Ridge & Union Hill,Central Eastside,2110.0,1184000,2026-09-14,1275000.0,1199000.0,3,False,122.0,87.0,-0.07137254901960788,-0.012510425354462007,561.1374407582938
12428 232nd Ter NE,98053,Redmond,Redmond Ridge & Union Hill,Central Eastside,2659.0,1545000,2026-09-14,1850000.0,1850000.0,0,True,143.0,115.0,-0.16486486486486485,-0.16486486486486485,581.0455058292591
8101 229th Dr NE,98053,Redmond,Redmond Ridge & Union Hill,Central Eastside,4160.0,1870000,2026-09-14,1925000.0,1925000.0,0,False,33.0,10.0,-0.02857142857142858,-0.02857142857142858,449.5192307692308
23915 NE 80th St,98053,Redmond,Redmond Ridge & Union Hill,Central Eastside,2490.0,1420000,2026-09-11,1650000.0,1500000.0,1,True,84.0,76.0,-0.1393939393939394,-0.053333333333333344,570.281124497992
10212 242nd Ave NE,98053,Redmond,Redmond Ridge & Union Hill,Central Eastside,2510.0,1320000,2026-09-11,1589000.0,1449000.0,3,True,136.0,105.0,-0.1692888609188169,-0.08902691511387162,525.8964143426294
7416 245th Way NE,98053,Redmond,Redmond Ridge & Union Hill,Central Eastside,3910.0,1969000,2026-09-10,2249000.0,2124000.0,2,True,196.0,169.0,-0.12449977767896847,-0.07297551789077217,503.5805626598465
21043 NE 91st St,98053,Redmond,Redmond Ridge & Union Hill,Central Eastside,1710.0,750000,2026-09-09,750000.0,750000.0,0,False,32.0,7.0,0.0,0.0,438.5964912280702
23011 NE 124th Pl,98053,Redmond,Redmond Ridge & Union Hill,Central Eastside,1953.0,1175000,2026-09-09,1200000.0,1200000.0,0,False,61.0,18.0,-0.02083333333333337,-0.02083333333333337,601.6385048643114
8506 229th Dr NE,98053,Redmond,Redmond Ridge & Union Hill,Central Eastside,1690.0,1073500,2026-09-04,1049000.0,1049000.0,0,False,21.0,4.0,0.023355576739752193,0.023355576739752193,635.207100591716
4725 272nd Ave NE,98053,Redmond,Redmond Ridge & Union Hill,Central Eastside,1740.0,815000,2026-09-03,999900.0,849000.0,4,False,162.0,135.0,-0.18491849184918496,-0.0400471142520612,468.39080459770116
6731 244th Pl NE,98053,Redmond,Redmond Ridge & Union Hill,Central Eastside,2780.0,1376000,2026-09-03,1485000.0,1485000.0,0,False,49.0,18.0,-0.07340067340067336,-0.07340067340067336,494.9640287769784
23410 NE 129th Ct,98053,Redmond,Redmond Ridge & Union Hill,Central Eastside,1870.0,1200000,2026-09-01,1250000.0,1250000.0,0,False,102.0,70.0,-0.040000000000000036,-0.040000000000000036,641.7112299465241
23756 NE 134th Pl,98053,Redmond,Redmond Ridge & Union Hill,Central Eastside,1640.0,950000,2026-08-27,1075000.0,995000.0,1,False,50.0,42.0,-0.11627906976744184,-0.045226130653266305,579.2682926829268
10721 SE 187th Pl,98055,Renton,Renton North,Southeast King,2641.0,837500,2026-09-18,865000.0,865000.0,0,False,42.0,19.0,-0.03179190751445082,-0.03179190751445082,317.1147292692162
11020 SE 186th St,98055,Renton,Renton North,Southeast King,1400.0,640000,2026-09-18,675000.0,675000.0,0,False,78.0,36.0,-0.051851851851851816,-0.051851851851851816,457.14285714285717
16835 113th Ave SE,98055,Renton,Renton North,Southeast King,2620.0,959950,2026-09-09,1049000.0,969950.0,3,False,90.0,59.0,-0.08489037178265013,-0.010309809784009527,366.39312977099235
10701 SE 188th St,98055,Renton,Renton North,Southeast King,2554.0,837000,2026-09-01,925950.0,875000.0,2,True,131.0,104.0,-0.0960635023489389,-0.04342857142857148,327.7212216131558
19924 97th Ave S,98055,Renton,Renton North,Southeast King,2160.0,680000,2026-08-28,685000.0,685000.0,0,False,42.0,13.0,-0.007299270072992692,-0.007299270072992692,314.81481481481484
619 S 31st St,98055,Renton,Renton North,Southeast King,1980.0,749998,2026-08-28,800000.0,749998.0,1,False,70.0,45.0,-0.06250250000000002,0.0,378.7868686868687
2194 NE 8th Pl,98056,Renton,Renton North,Southeast King,2240.0,560000,2026-09-21,685000.0,639000.0,1,False,86.0,25.0,-0.18248175182481752,-0.12363067292644758,250.0
2701 NE 24th St,98056,Renton,Renton North,Southeast King,1360.0,750000,2026-09-21,743500.0,743500.0,0,False,32.0,2.0,0.008742434431741719,0.008742434431741719,551.4705882352941
12619 SE 75th St,98056,Newcastle,Renton North,Southeast King,2320.0,1150000,2026-09-18,1289000.0,1219000.0,2,False,50.0,28.0,-0.10783553141970514,-0.05660377358490565,495.6896551724138
8110 119th Ave SE,98056,Newcastle,Renton North,Southeast King,4420.0,2700000,2026-09-18,2700000.0,2700000.0,0,False,36.0,8.0,0.0,0.0,610.8597285067873
8231 126th Pl SE,98056,Newcastle,Renton North,Southeast King,2640.0,1200000,2026-09-18,1500000.0,1330000.0,2,True,134.0,108.0,-0.19999999999999996,-0.09774436090225569,454.54545454545456
277 Edmonds Ave SE,98056,Renton,Renton North,Southeast King,2490.0,800000,2026-09-16,825000.0,825000.0,0,False,29.0,3.0,-0.030303030303030276,-0.030303030303030276,321.285140562249
640 Ferndale Ave NE,98056,Renton,Renton North,Southeast King,1450.0,622000,2026-09-15,699999.0,649999.0,2,False,116.0,99.0,-0.11142730203900286,-0.04307545088530906,428.9655172413793
2618 NE 9th St,98056,Renton,Renton North,Southeast King,2000.0,715000,2026-09-11,699000.0,699000.0,0,False,22.0,2.0,0.022889842632331847,0.022889842632331847,357.5
1122 N 34th St,98056,Renton,Renton North,Southeast King,3580.0,1970000,2026-09-10,2300000.0,2150000.0,2,False,113.0,85.0,-0.14347826086956517,-0.08372093023255811,550.2793296089385
1111 Pierce Ave NE,98056,Renton,Renton North,Southeast King,1690.0,612500,2026-09-09,675000.0,650000.0,1,False,26.0,12.0,-0.09259259259259256,-0.05769230769230771,362.4260355029586
11607 SE 77th Pl,98056,Newcastle,Renton North,Southeast King,2640.0,1332500,2026-09-04,1380000.0,1380000.0,0,False,57.0,37.0,-0.034420289855072506,-0.034420289855072506,504.7348484848485
445 Shelton Pl NE,98056,Renton,Renton North,Southeast King,2050.0,655000,2026-08-31,675000.0,675000.0,0,False,38.0,19.0,-0.029629629629629672,-0.029629629629629672,319.5121951219512
2205 NE 28th St,98056,Renton,Renton North,Southeast King,1630.0,725000,2026-08-31,750000.0,750000.0,0,False,40.0,21.0,-0.033333333333333326,-0.033333333333333326,444.7852760736196
11410 SE 79th St,98056,Newcastle,Renton North,Southeast King,2970.0,1275000,2026-08-28,1398000.0,1295000.0,2,False,63.0,33.0,-0.08798283261802575,-0.015444015444015413,429.2929292929293
2119 Aberdeen Ave NE,98056,Renton,Renton North,Southeast King,2156.0,717500,2026-08-26,775000.0,717500.0,2,True,76.0,48.0,-0.0741935483870968,0.0,332.7922077922078
1060 Lynnwood Ave NE,98056,Renton,Renton North,Southeast King,1270.0,650000,2026-08-25,675000.0,665000.0,1,False,144.0,97.0,-0.03703703703703709,-0.022556390977443663,511.81102362204723
11317 SE 77th Pl,98056,Newcastle,Renton North,Southeast King,2830.0,1130000,2026-08-25,1320000.0,1180000.0,1,True,110.0,59.0,-0.14393939393939392,-0.0423728813559322,399.29328621908127
851 Pierce Ave NE,98056,Renton,Renton North,Southeast King,1670.0,685000,2026-08-24,700000.0,700000.0,0,False,47.0,18.0,-0.021428571428571463,-0.021428571428571463,410.1796407185629
827 N 1st St,98057,Renton,Renton North,Southeast King,1360.0,665000,2026-09-09,665000.0,665000.0,0,True,95.0,28.0,0.0,0.0,488.97058823529414
324 Stevens Ave SW,98057,Renton,Renton North,Southeast King,2060.0,621000,2026-09-08,585000.0,585000.0,0,True,59.0,2.0,0.06153846153846154,0.06153846153846154,301.45631067961165
1315 S 7th St,98057,Renton,Renton North,Southeast King,810.0,600000,2026-09-04,624999.0,624999.0,0,False,23.0,11.0,-0.039998463997542366,-0.039998463997542366,740.7407407407408
605 Morris Ave S,98057,Renton,Renton North,Southeast King,820.0,402676,2026-09-02,420000.0,420000.0,0,False,103.0,52.0,-0.04124761904761909,-0.04124761904761909,491.0682926829268
305 NW 7th St,98057,Renton,Renton North,Southeast King,1325.0,582500,2026-08-31,539500.0,539500.0,0,False,22.0,3.0,0.07970342910101946,0.07970342910101946,439.62264150943395
19329 142nd Pl SE,98058,Renton,Renton East & Fairwood,Southeast King,1520.0,632000,2026-09-21,630000.0,630000.0,0,False,45.0,32.0,0.0031746031746031633,0.0031746031746031633,415.7894736842105
12740 SE 167th St,98058,Renton,Renton East & Fairwood,Southeast King,1706.0,665000,2026-09-18,659950.0,659950.0,0,False,22.0,5.0,0.007652094855670866,0.007652094855670866,389.80070339976555
3511 SE 6th St,98058,Renton,Renton East & Fairwood,Southeast King,900.0,340000,2026-09-18,399000.0,440000.0,2,True,181.0,169.0,-0.1478696741854637,-0.2272727272727273,377.77777777777777
16117 131st Pl SE,98058,Renton,Renton East & Fairwood,Southeast King,1880.0,700000,2026-09-16,719950.0,709950.0,1,False,61.0,47.0,-0.0277102576567817,-0.014015071483907349,372.3404255319149
3608 SE 5th Pl,98058,Renton,Renton East & Fairwood,Southeast King,1180.0,569950,2026-09-16,599950.0,569950.0,2,False,125.0,93.0,-0.050004167013917855,0.0,483.00847457627117
17005 159th Pl SE,98058,Renton,Renton East & Fairwood,Southeast King,1930.0,812000,2026-09-15,805000.0,805000.0,0,False,19.0,4.0,0.008695652173912993,0.008695652173912993,420.7253886010363
19019 123rd Pl SE,98058,Renton,Renton East & Fairwood,Southeast King,2088.0,778000,2026-09-15,789950.0,789950.0,0,False,109.0,72.0,-0.015127539717703642,-0.015127539717703642,372.60536398467434
17801 SE 188th Pl,98058,Renton,Renton East & Fairwood,Southeast King,2670.0,945000,2026-09-15,949900.0,949900.0,0,False,54.0,14.0,-0.005158437730287346,-0.005158437730287346,353.9325842696629
16516 133rd Pl SE,98058,Renton,Renton East & Fairwood,Southeast King,1640.0,785000,2026-09-11,785000.0,785000.0,0,False,92.0,69.0,0.0,0.0,478.6585365853659
16619 SE 167th St,98058,Renton,Renton East & Fairwood,Southeast King,2460.0,795000,2026-09-09,839999.0,839999.0,0,False,42.0,18.0,-0.05357030186940703,-0.05357030186940703,323.1707317073171
15310 163rd Ct SE,98058,Renton,Renton East & Fairwood,Southeast King,2720.0,1310000,2026-09-08,1288500.0,1288500.0,0,False,77.0,53.0,0.01668606907256498,0.01668606907256498,481.61764705882354
16011 SE 169th Pl,98058,Renton,Renton East & Fairwood,Southeast King,1980.0,748000,2026-09-08,789000.0,759000.0,1,False,74.0,55.0,-0.05196451204055763,-0.01449275362318836,377.77777777777777
13617 SE 197th Pl,98058,Renton,Renton East & Fairwood,Southeast King,3480.0,920000,2026-09-04,998500.0,975000.0,1,True,85.0,64.0,-0.07861792689033553,-0.05641025641025643,264.367816091954
13042 SE 184th Pl,98058,Renton,Renton East & Fairwood,Southeast King,2494.0,803000,2026-09-04,810000.0,810000.0,0,True,78.0,55.0,-0.00864197530864197,-0.00864197530864197,321.9727345629511
17101 146th Ave SE,98058,Renton,Renton East & Fairwood,Southeast King,2320.0,735000,2026-09-04,895000.0,795000.0,4,True,187.0,172.0,-0.17877094972067042,-0.07547169811320753,316.8103448275862
12641 SE 169th Pl,98058,Renton,Renton East & Fairwood,Southeast King,2270.0,520000,2026-09-04,500000.0,500000.0,0,False,15.0,1.0,0.040000000000000036,0.040000000000000036,229.07488986784142
15041 SE Fairwood Blvd,98058,Renton,Renton East & Fairwood,Southeast King,1460.0,710000,2026-09-03,775000.0,775000.0,0,True,56.0,26.0,-0.08387096774193548,-0.08387096774193548,486.3013698630137
16355 130th Ave SE,98058,Renton,Renton East & Fairwood,Southeast King,1870.0,700000,2026-09-03,725000.0,715000.0,1,False,78.0,53.0,-0.03448275862068961,-0.020979020979020935,374.331550802139
15549 SE 160th Pl,98058,Renton,Renton East & Fairwood,Southeast King,3040.0,949950,2026-09-03,1170000.0,949950.0,7,True,372.0,348.0,-0.18807692307692303,0.0,312.48355263157896
18719 136th Pl SE,98058,Renton,Renton East & Fairwood,Southeast King,2940.0,1070000,2026-08-31,1125000.0,1125000.0,0,False,53.0,22.0,-0.04888888888888887,-0.04888888888888887,363.94557823129253
12515 SE 171st St,98058,Renton,Renton East & Fairwood,Southeast King,1270.0,572500,2026-08-31,620000.0,585000.0,2,True,95.0,67.0,-0.0766129032258065,-0.021367521367521403,450.78740157480314
1121 Shelton Ave SE,98058,Renton,Renton East & Fairwood,Southeast King,1470.0,749950,2026-08-31,749950.0,749950.0,0,True,56.0,21.0,0.0,0.0,510.1700680272109
14837 SE Fairwood Blvd,98058,Renton,Renton East & Fairwood,Southeast King,2210.0,959000,2026-08-31,1100000.0,1100000.0,0,True,290.0,272.0,-0.12818181818181817,-0.12818181818181817,433.9366515837104
15759 119th Pl SE,98058,Renton,Renton East & Fairwood,Southeast King,1688.0,650000,2026-08-28,660000.0,650000.0,1,False,50.0,18.0,-0.015151515151515138,0.0,385.07109004739334
18330 SE 195th Pl,98058,Renton,Renton East & Fairwood,Southeast King,3680.0,1970000,2026-08-28,1950000.0,1950000.0,0,False,35.0,4.0,0.01025641025641022,0.01025641025641022,535.3260869565217
19119 SE 174th St,98058,Renton,Renton East & Fairwood,Southeast King,4410.0,1800000,2026-08-28,1900000.0,1799999.0,1,False,77.0,10.0,-0.052631578947368474,5.55555864201196e-07,408.16326530612247
15372 SE 160th Pl,98058,Renton,Renton East & Fairwood,Southeast King,2220.0,988000,2026-08-27,998000.0,988000.0,1,True,71.0,39.0,-0.01002004008016033,0.0,445.0450450450451
17226 129th Ave SE,98058,Renton,Renton East & Fairwood,Southeast King,2460.0,700000,2026-08-26,799950.0,749950.0,2,False,98.0,69.0,-0.12494530908181767,-0.06660444029601975,284.5528455284553
16116 SE 166th St,98058,Renton,Renton East & Fairwood,Southeast King,2029.0,890200,2026-08-25,889000.0,889000.0,0,False,55.0,19.0,0.0013498312710911176,0.0013498312710911176,438.7382947264662
13122 SE 188th St,98058,Renton,Renton East & Fairwood,Southeast King,2230.0,645000,2026-08-24,639000.0,639000.0,0,False,37.0,11.0,0.009389671361502261,0.009389671361502261,289.23766816143495
15328 SE 179th St,98058,Renton,Renton East & Fairwood,Southeast King,1280.0,575000,2026-08-24,575000.0,575000.0,0,False,31.0,8.0,0.0,0.0,449.21875
21025 196th Ave SE,98058,Renton,Renton East & Fairwood,Southeast King,920.0,350000,2026-08-24,560000.0,400000.0,2,False,227.0,215.0,-0.375,-0.125,380.4347826086956
4227 NE 27th Pl,98059,Renton,Renton East & Fairwood,Southeast King,3310.0,1280000,2026-09-18,1500000.0,1500000.0,0,True,92.0,51.0,-0.1466666666666666,-0.1466666666666666,386.7069486404834
13758 174th Ave SE,98059,Renton,Renton East & Fairwood,Southeast King,2910.0,1300000,2026-09-18,1495000.0,1325000.0,4,False,105.0,83.0,-0.13043478260869568,-0.018867924528301883,446.73539518900344
454 Nile Pl NE,98059,Renton,Renton East & Fairwood,Southeast King,3080.0,1299000,2026-09-18,1299000.0,1299000.0,0,False,35.0,4.0,0.0,0.0,421.75324675324674
14009 145th Ave SE,98059,Renton,Renton East & Fairwood,Southeast King,1440.0,625000,2026-09-17,675000.0,625000.0,2,False,84.0,58.0,-0.07407407407407407,0.0,434.02777777777777
2207 Bremerton Ave NE,98059,Renton,Renton East & Fairwood,Southeast King,2420.0,850000,2026-09-17,990000.0,875000.0,2,False,225.0,199.0,-0.14141414141414144,-0.02857142857142858,351.2396694214876
6308 SE 2nd St,98059,Renton,Renton East & Fairwood,Southeast King,3110.0,1265000,2026-09-17,1365000.0,1265000.0,3,False,78.0,54.0,-0.07326007326007322,0.0,406.7524115755627
14504 SE 114th Pl,98059,Renton,Renton East & Fairwood,Southeast King,2010.0,750000,2026-09-17,750000.0,750000.0,0,False,33.0,4.0,0.0,0.0,373.13432835820896
12264 156th Ave SE,98059,Renton,Renton East & Fairwood,Southeast King,1470.0,660000,2026-09-16,699950.0,659950.0,4,False,86.0,66.0,-0.057075505393242354,7.576331540271042e-05,448.9795918367347
1801 Anacortes Ave NE,98059,Renton,Renton East & Fairwood,Southeast King,2140.0,830000,2026-09-11,849950.0,849950.0,0,False,79.0,55.0,-0.02347196893934933,-0.02347196893934933,387.85046728971963
14030 SE 139th St,98059,Renton,Renton East & Fairwood,Southeast King,3200.0,1212500,2026-09-10,1295000.0,1295000.0,0,False,49.0,20.0,-0.06370656370656369,-0.06370656370656369,378.90625
17210 SE May Valley Rd,98059,Renton,Renton East & Fairwood,Southeast King,1920.0,975000,2026-09-09,1049000.0,998000.0,1,False,111.0,74.0,-0.0705433746425167,-0.023046092184368705,507.8125
953 Nile Ave NE,98059,Renton,Renton East & Fairwood,Southeast King,2220.0,899000,2026-09-08,899000.0,899000.0,0,False,46.0,13.0,0.0,0.0,404.9549549549549
4335 NE 2nd Ct,98059,Renton,Renton East & Fairwood,Southeast King,2190.0,845000,2026-09-04,915000.0,845000.0,3,False,84.0,74.0,-0.07650273224043713,0.0,385.8447488584475
15417 204th Ave SE,98059,Renton,Renton East & Fairwood,Southeast King,2113.0,850000,2026-09-04,898800.0,875000.0,1,False,84.0,53.0,-0.054294615042278616,-0.02857142857142858,402.2716516800757
2507 Vashon Ct NE,98059,Renton,Renton East & Fairwood,Southeast King,1170.0,655000,2026-09-04,685000.0,650000.0,1,False,70.0,46.0,-0.04379562043795615,0.007692307692307665,559.8290598290598
17606 SE 121st Pl,98059,Renton,Renton East & Fairwood,Southeast King,1404.0,720000,2026-09-03,749950.0,749950.0,0,False,56.0,36.0,-0.039935995733048846,-0.039935995733048846,512.8205128205128
14529 161st Ave SE,98059,Renton,Renton East & Fairwood,Southeast King,3158.0,1450000,2026-09-02,1450000.0,1450000.0,0,False,40.0,20.0,0.0,0.0,459.1513616212793
15811 205th Ave SE,98059,Renton,Renton East & Fairwood,Southeast King,1720.0,769950,2026-09-02,825950.0,769950.0,2,False,78.0,48.0,-0.06780071432895451,0.0,447.6453488372093
17271 SE Licorice Way,98059,Newcastle,Renton East & Fairwood,Southeast King,3820.0,1765000,2026-09-02,1799950.0,1799950.0,0,False,34.0,5.0,-0.019417206033500944,-0.019417206033500944,462.0418848167539
324 Quincy Ave NE,98059,Renton,Renton East & Fairwood,Southeast King,2785.0,1180000,2026-09-01,1235000.0,1220000.0,1,False,40.0,29.0,-0.04453441295546556,-0.032786885245901676,423.6983842010772
18237 SE 135th St,98059,Renton,Renton East & Fairwood,Southeast King,1455.0,755000,2026-08-31,749950.0,749950.0,0,False,39.0,6.0,0.0067337822521500446,0.0067337822521500446,518.9003436426117
14420 SE 84th St,98059,Newcastle,Renton East & Fairwood,Southeast King,3240.0,1930000,2026-08-31,2087000.0,1998000.0,1,False,61.0,29.0,-0.075227599425012,-0.034034034034034044,595.679012345679
1529 Ilwaco Ave NE,98059,Renton,Renton East & Fairwood,Southeast King,2540.0,1000000,2026-08-31,1025000.0,1000000.0,1,False,69.0,40.0,-0.024390243902439046,0.0,393.7007874015748
17012 SE 128th St,98059,Renton,Renton East & Fairwood,Southeast King,2330.0,790000,2026-08-31,875000.0,850000.0,1,False,81.0,57.0,-0.0971428571428572,-0.07058823529411762,339.0557939914163
631 Ilwaco Ave NE,98059,Renton,Renton East & Fairwood,Southeast King,2462.0,975000,2026-08-31,975000.0,975000.0,0,False,39.0,16.0,0.0,0.0,396.0194963444354
13715 SE 85th St Unit 49,98059,Newcastle,Renton East & Fairwood,Southeast King,3244.0,2476071,2026-08-28,2469900.0,2469900.0,0,False,251.0,2.0,0.0024984817199076303,0.0024984817199076303,763.2771270036991
16804 SE 128th St,98059,Renton,Renton East & Fairwood,Southeast King,1490.0,620000,2026-08-28,699000.0,640000.0,3,False,128.0,89.0,-0.11301859799713876,-0.03125,416.10738255033556
4610 NE 1st Ct,98059,Renton,Renton East & Fairwood,Southeast King,2940.0,1110000,2026-08-28,1350000.0,1198000.0,3,True,148.0,125.0,-0.1777777777777778,-0.07345575959933226,377.55102040816325
16533 SE 149th St,98059,Renton,Renton East & Fairwood,Southeast King,2020.0,890000,2026-08-27,865000.0,865000.0,0,False,13.0,4.0,0.028901734104046284,0.028901734104046284,440.5940594059406
6509 SE 6th St,98059,Renton,Renton East & Fairwood,Southeast King,4770.0,1550000,2026-08-26,1550000.0,1550000.0,0,False,39.0,7.0,0.0,0.0,324.9475890985325
14403 SE 139th Pl,98059,Renton,Renton East & Fairwood,Southeast King,1500.0,633000,2026-08-25,760000.0,605000.0,4,False,123.0,91.0,-0.16710526315789476,0.046280991735537125,422.0
1067 Anacortes Ave NE,98059,Renton,Renton East & Fairwood,Southeast King,1250.0,675000,2026-08-25,749000.0,739800.0,1,True,124.0,104.0,-0.09879839786381839,-0.08759124087591241,540.0
2402 Union Ave NE,98059,Renton,Renton East & Fairwood,Southeast King,1560.0,730000,2026-08-24,795000.0,759950.0,3,False,96.0,79.0,-0.08176100628930816,-0.039410487532074434,467.94871794871796
18313 Vashon Hwy SW,98070,Vashon,Vashon Island,Vashon Island,940.0,589000,2026-09-18,589000.0,589000.0,0,False,29.0,6.0,0.0,0.0,626.5957446808511
9619 SW 268th St,98070,Vashon,Vashon Island,Vashon Island,3060.0,560000,2026-09-16,785000.0,615000.0,4,True,312.0,298.0,-0.2866242038216561,-0.08943089430894313,183.00653594771242
24021 99th Ave SW,98070,Vashon,Vashon Island,Vashon Island,860.0,900000,2026-09-11,895000.0,895000.0,0,False,23.0,5.0,0.005586592178770999,0.005586592178770999,1046.5116279069769
21833 103rd Ave SW,98070,Vashon,Vashon Island,Vashon Island,3200.0,1300000,2026-09-09,1525000.0,1350000.0,2,False,121.0,97.0,-0.14754098360655743,-0.03703703703703709,406.25
7404 SW 255th St,98070,Vashon,Vashon Island,Vashon Island,2290.0,1700000,2026-09-04,1650000.0,1650000.0,0,False,29.0,3.0,0.030303030303030276,0.030303030303030276,742.3580786026201
11505 103rd Ave SW,98070,Vashon,Vashon Island,Vashon Island,1420.0,975000,2026-09-03,995000.0,985000.0,1,False,75.0,65.0,-0.02010050251256279,-0.010152284263959421,686.6197183098592
21904 Vashon Hwy SW,98070,Vashon,Vashon Island,Vashon Island,2190.0,371030,2026-09-03,425000.0,425000.0,0,False,37.0,7.0,-0.12698823529411762,-0.12698823529411762,169.4200913242009
27518 Sandy Shores Dr SW,98070,Vashon,Vashon Island,Vashon Island,1850.0,1301000,2026-09-01,1450000.0,1275000.0,2,False,145.0,121.0,-0.10275862068965513,0.020392156862745203,703.2432432432432
8302 SW Dilworth Rd,98070,Vashon,Vashon Island,Vashon Island,3449.0,1400000,2026-08-31,1789000.0,1449000.0,4,False,131.0,106.0,-0.21743991056456125,-0.033816425120772986,405.9147579008408
4409 SW Point Robinson Rd,98070,Vashon,Vashon Island,Vashon Island,2339.0,2100000,2026-08-31,2000000.0,2000000.0,0,False,21.0,4.0,0.050000000000000044,0.050000000000000044,897.8195810175289
15215 91st Ave SW,98070,Vashon,Vashon Island,Vashon Island,1210.0,500000,2026-08-31,499000.0,499000.0,0,False,21.0,4.0,0.002004008016031955,0.002004008016031955,413.22314049586777
12803 NE 149th St,98072,Woodinville,Woodinville,Bothell & Woodinville,1770.0,1055000,2026-09-18,999950.0,999950.0,0,False,36.0,10.0,0.055052752637631874,0.055052752637631874,596.0451977401129
14330 178th Ln NE,98072,Woodinville,Woodinville,Bothell & Woodinville,3670.0,1730000,2026-09-18,1799950.0,1799950.0,0,False,64.0,43.0,-0.038862190616406056,-0.038862190616406056,471.38964577656674
17419 151st Ave NE,98072,Woodinville,Woodinville,Bothell & Woodinville,2970.0,1000000,2026-09-17,1100000.0,1044999.0,1,False,69.0,18.0,-0.09090909090909094,-0.0430612852261103,336.7003367003367
15311 NE 173rd St,98072,Woodinville,Woodinville,Bothell & Woodinville,2730.0,1485000,2026-09-15,1780000.0,1580000.0,3,True,145.0,112.0,-0.1657303370786517,-0.060126582278481,543.9560439560439
21708 82nd Ave SE,98072,Woodinville,Woodinville,Bothell & Woodinville,4138.0,1775000,2026-09-14,1850000.0,1850000.0,0,False,39.0,8.0,-0.04054054054054057,-0.04054054054054057,428.95118414693087
12855 NE 197th Pl,98072,Woodinville,Woodinville,Bothell & Woodinville,2080.0,925000,2026-09-11,1199999.0,999990.0,6,False,134.0,103.0,-0.2291660243050202,-0.0749907499074991,444.71153846153845
14038 156th Pl NE,98072,Woodinville,Woodinville,Bothell & Woodinville,4150.0,1600000,2026-09-10,1750000.0,1680000.0,1,False,83.0,46.0,-0.08571428571428574,-0.04761904761904767,385.5421686746988
15605 180th Ave NE,98072,Woodinville,Woodinville,Bothell & Woodinville,1960.0,1030000,2026-09-08,1000000.0,1000000.0,0,False,39.0,4.0,0.030000000000000027,0.030000000000000027,525.5102040816327
12932 NE 201st St,98072,Woodinville,Woodinville,Bothell & Woodinville,2640.0,1330000,2026-09-08,1500000.0,1350000.0,4,False,117.0,64.0,-0.11333333333333329,-0.014814814814814836,503.7878787878788
13563 NE 202nd St,98072,Woodinville,Woodinville,Bothell & Woodinville,2782.0,1235000,2026-09-03,1398000.0,1275000.0,1,True,90.0,74.0,-0.11659513590844062,-0.03137254901960784,443.9252336448598
13301 NE 190th Pl,98072,Woodinville,Woodinville,Bothell & Woodinville,1550.0,1029999,2026-09-02,1170000.0,1099000.0,1,False,70.0,39.0,-0.11965897435897432,-0.06278525932666057,664.5154838709677
17304 NE 156th St,98072,Woodinville,Woodinville,Bothell & Woodinville,1160.0,707000,2026-08-31,699950.0,699950.0,0,False,40.0,7.0,0.010072148010572102,0.010072148010572102,609.4827586206897
18309 NE 136th St,98072,Woodinville,Woodinville,Bothell & Woodinville,2790.0,1799000,2026-08-31,1799000.0,1799000.0,0,False,32.0,2.0,0.0,0.0,644.8028673835125
15917 183rd Pl NE,98072,Woodinville,Woodinville,Bothell & Woodinville,2210.0,1230000,2026-08-27,1225000.0,1225000.0,0,False,42.0,14.0,0.004081632653061273,0.004081632653061273,556.5610859728507
14544 186th Pl NE,98072,Woodinville,Woodinville,Bothell & Woodinville,2640.0,1290000,2026-08-27,1349000.0,1319000.0,1,False,69.0,37.0,-0.04373610081541879,-0.021986353297952954,488.6363636363636
1090 218th Ave NE,98074,Sammamish,Sammamish,Central Eastside,3900.0,1898000,2026-09-21,1898000.0,1898000.0,0,False,40.0,2.0,0.0,0.0,486.6666666666667
25817 NE 4th Pl,98074,Sammamish,Sammamish,Central Eastside,2800.0,1650000,2026-09-21,1850000.0,1850000.0,0,True,74.0,31.0,-0.10810810810810811,-0.10810810810810811,589.2857142857143
2531 Sahalee Dr W,98074,Sammamish,Sammamish,Central Eastside,3073.0,1515000,2026-09-18,1515000.0,1515000.0,0,False,30.0,7.0,0.0,0.0,493.003579563944
1839 225th Pl NE,98074,Sammamish,Sammamish,Central Eastside,1220.0,903888,2026-09-15,899360.0,899360.0,0,False,26.0,8.0,0.00503469133606127,0.00503469133606127,740.8918032786885
1642 204th Ave NE,98074,Sammamish,Sammamish,Central Eastside,3330.0,2350000,2026-09-15,2698000.0,2498000.0,2,False,101.0,81.0,-0.1289844329132691,-0.059247397918334666,705.7057057057057
1832 231st Pl NE,98074,Sammamish,Sammamish,Central Eastside,2090.0,1275000,2026-09-15,1375000.0,1375000.0,0,True,82.0,53.0,-0.07272727272727275,-0.07272727272727275,610.0478468899521
3607 E Lake Sammamish Shore Ln NE,98074,Sammamish,Sammamish,Central Eastside,6290.0,6900000,2026-09-10,7400000.0,7400000.0,0,False,125.0,104.0,-0.06756756756756754,-0.06756756756756754,1096.97933227345
3630 204th Pl NE,98074,Sammamish,Sammamish,Central Eastside,2560.0,1430000,2026-09-09,1650000.0,1499500.0,3,False,125.0,105.0,-0.1333333333333333,-0.04634878292764255,558.59375
22011 NE 27th Pl,98074,Sammamish,Sammamish,Central Eastside,3440.0,1895000,2026-09-08,1895000.0,1895000.0,0,False,18.0,4.0,0.0,0.0,550.8720930232558
118 246th Way SE,98074,Sammamish,Sammamish,Central Eastside,3490.0,2000000,2026-09-04,2100000.0,2100000.0,0,False,50.0,25.0,-0.04761904761904767,-0.04761904761904767,573.0659025787966
109 211th Pl NE,98074,Sammamish,Sammamish,Central Eastside,2319.0,1482500,2026-09-04,1648000.0,1495000.0,4,False,148.0,131.0,-0.10042475728155342,-0.00836120401337792,639.2841742130229
2522 230th Ave NE,98074,Sammamish,Sammamish,Central Eastside,1180.0,865000,2026-09-04,950000.0,879950.0,3,False,51.0,26.0,-0.08947368421052626,-0.01698960168191377,733.0508474576271
22277 NE 3rd Ct,98074,Sammamish,Sammamish,Central Eastside,3890.0,2175000,2026-08-31,2328000.0,2198000.0,2,False,108.0,80.0,-0.06572164948453607,-0.010464058234758822,559.1259640102828
25720 NE 4th Pl,98074,Sammamish,Sammamish,Central Eastside,6230.0,2635000,2026-08-31,2750000.0,2750000.0,0,False,74.0,53.0,-0.041818181818181865,-0.041818181818181865,422.9534510433387
3054 205th Ct NE,98074,Sammamish,Sammamish,Central Eastside,3940.0,2075000,2026-08-31,2350000.0,2350000.0,0,True,68.0,42.0,-0.11702127659574468,-0.11702127659574468,526.6497461928934
21119 SE 5th St,98074,Sammamish,Sammamish,Central Eastside,4081.0,2050000,2026-08-31,2195000.0,2195000.0,0,False,46.0,12.0,-0.06605922551252852,-0.06605922551252852,502.32786081842687
2238 236th Ave NE,98074,Sammamish,Sammamish,Central Eastside,3540.0,2038000,2026-08-28,1933000.0,1933000.0,0,False,43.0,6.0,0.054319710294878476,0.054319710294878476,575.7062146892655
252 245th Pl NE,98074,Sammamish,Sammamish,Central Eastside,2990.0,1260000,2026-08-28,1695000.0,1490000.0,3,True,190.0,161.0,-0.2566371681415929,-0.15436241610738255,421.4046822742475
21842 NE 30th Pl,98074,Sammamish,Sammamish,Central Eastside,2738.0,1270000,2026-08-27,1398888.0,1398888.0,0,False,76.0,28.0,-0.09213603948278914,-0.09213603948278914,463.84222059897735
1648 209th Pl NE,98074,Sammamish,Sammamish,Central Eastside,1870.0,985000,2026-08-25,940000.0,940000.0,0,False,19.0,3.0,0.0478723404255319,0.0478723404255319,526.7379679144385
22716 NE 25th Way,98074,Sammamish,Sammamish,Central Eastside,2280.0,1050000,2026-08-25,1275000.0,1275000.0,0,True,89.0,63.0,-0.17647058823529416,-0.17647058823529416,460.5263157894737
1507 227th Pl NE,98074,Sammamish,Sammamish,Central Eastside,1900.0,1000000,2026-08-25,1100000.0,1050000.0,1,False,68.0,35.0,-0.09090909090909094,-0.04761904761904767,526.3157894736842
920 233rd Pl NE,98074,Sammamish,Sammamish,Central Eastside,3920.0,2050000,2026-08-24,2275000.0,2275000.0,0,False,39.0,13.0,-0.09890109890109888,-0.09890109890109888,522.9591836734694
24270 SE 11th Pl,98075,Sammamish,Sammamish,Central Eastside,1570.0,1035000,2026-09-18,1148000.0,1048000.0,1,True,50.0,38.0,-0.09843205574912894,-0.012404580152671763,659.2356687898089
23013 SE 41st Pl,98075,Sammamish,Sammamish,Central Eastside,3410.0,2220000,2026-09-17,2495000.0,2495000.0,0,False,42.0,22.0,-0.11022044088176353,-0.11022044088176353,651.0263929618768
2122 215th Pl SE,98075,Sammamish,Sammamish,Central Eastside,4013.0,2075000,2026-09-16,2188000.0,2188000.0,0,False,34.0,10.0,-0.05164533820840955,-0.05164533820840955,517.0695240468477
2109 263rd Ln SE,98075,Sammamish,Sammamish,Central Eastside,3206.0,1425000,2026-09-15,1725000.0,1450000.0,6,False,222.0,194.0,-0.17391304347826086,-0.017241379310344862,444.47910168434186
3857 201st Ct SE,98075,Sammamish,Sammamish,Central Eastside,4030.0,2150000,2026-09-15,2428000.0,2428000.0,0,False,61.0,22.0,-0.11449752883031306,-0.11449752883031306,533.4987593052109
3310 220th Ave SE,98075,Sammamish,Sammamish,Central Eastside,1760.0,985000,2026-09-14,1149911.0,1049911.0,1,False,102.0,77.0,-0.14341196840451131,-0.061825240425140815,559.6590909090909
24819 SE 14th St,98075,Sammamish,Sammamish,Central Eastside,3270.0,1885000,2026-09-14,1998000.0,1998000.0,0,True,94.0,61.0,-0.05655655655655656,-0.05655655655655656,576.4525993883792
20125 SE 24th St,98075,Sammamish,Sammamish,Central Eastside,3690.0,2080000,2026-09-10,2380000.0,2380000.0,0,True,98.0,73.0,-0.12605042016806722,-0.12605042016806722,563.6856368563685
27212 SE 12th Pl,98075,Sammamish,Sammamish,Central Eastside,3610.0,2225000,2026-09-08,2580000.0,2580000.0,0,True,124.0,86.0,-0.13759689922480622,-0.13759689922480622,616.3434903047091
23398 SE 41st Ct,98075,Sammamish,Sammamish,Central Eastside,3950.0,2130000,2026-09-08,2450000.0,2390000.0,1,True,89.0,60.0,-0.1306122448979592,-0.10878661087866104,539.2405063291139
26555 SE 15th St,98075,Sammamish,Sammamish,Central Eastside,4188.0,2550000,2026-09-04,2698000.0,2598000.0,1,False,70.0,54.0,-0.05485544848035584,-0.018475750577367167,608.8825214899714
2836 277th Ter SE,98075,Sammamish,Sammamish,Central Eastside,3374.0,1750000,2026-09-04,1795000.0,1795000.0,0,False,29.0,6.0,-0.02506963788300831,-0.02506963788300831,518.6721991701245
1530 267th Pl SE,98075,Sammamish,Sammamish,Central Eastside,3143.0,1663000,2026-09-02,1698000.0,1698000.0,0,False,34.0,9.0,-0.020612485276796266,-0.020612485276796266,529.1123130766783
928 271st Ave SE,98075,Sammamish,Sammamish,Central Eastside,2840.0,1485000,2026-08-31,1788000.0,1649000.0,1,True,171.0,138.0,-0.16946308724832215,-0.09945421467556093,522.887323943662
26810 SE 9th Way,98075,Sammamish,Sammamish,Central Eastside,3840.0,2080000,2026-08-31,2250000.0,2250000.0,0,False,75.0,49.0,-0.0755555555555556,-0.0755555555555556,541.6666666666666
2527 200th Ave SE,98075,Sammamish,Sammamish,Central Eastside,1810.0,998850,2026-08-31,998850.0,998850.0,0,False,24.0,3.0,0.0,0.0,551.8508287292817
2027 219th Ln SE,98075,Sammamish,Sammamish,Central Eastside,1670.0,1050000,2026-08-28,1100000.0,1075000.0,1,False,112.0,33.0,-0.045454545454545414,-0.023255813953488413,628.7425149700599
914 272nd Pl SE,98075,Sammamish,Sammamish,Central Eastside,3085.0,1450000,2026-08-28,1648000.0,1485000.0,3,False,92.0,67.0,-0.12014563106796117,-0.023569023569023573,470.0162074554295
1905 216th Ave SE,98075,Sammamish,Sammamish,Central Eastside,1560.0,1075000,2026-08-25,1188888.0,1099000.0,1,False,61.0,31.0,-0.09579371648128332,-0.021838034576888044,689.1025641025641
19920 NE 185th St,98077,Woodinville,Woodinville,Bothell & Woodinville,3130.0,1450000,2026-09-21,1485000.0,1485000.0,0,False,37.0,7.0,-0.023569023569023573,-0.023569023569023573,463.258785942492
19704 NE 158th St,98077,Woodinville,Woodinville,Bothell & Woodinville,1160.0,799000,2026-09-18,799000.0,799000.0,0,False,42.0,14.0,0.0,0.0,688.7931034482758
14239 194th Ave NE,98077,Woodinville,Woodinville,Bothell & Woodinville,3430.0,1832000,2026-09-18,2099950.0,1974950.0,3,False,149.0,127.0,-0.1275982761494321,-0.07238157928048816,534.1107871720117
22272 NE Woodinville Duvall Rd,98077,Woodinville,Woodinville,Bothell & Woodinville,3430.0,1648000,2026-09-15,1699000.0,1648000.0,1,False,88.0,59.0,-0.03001765744555618,0.0,480.466472303207
13935 209th Ave NE,98077,Woodinville,Woodinville,Bothell & Woodinville,3984.0,2525000,2026-09-10,2675000.0,2675000.0,0,False,63.0,32.0,-0.05607476635514019,-0.05607476635514019,633.785140562249
17536 201st Ave NE,98077,Woodinville,Woodinville,Bothell & Woodinville,2440.0,970000,2026-09-04,1070000.0,1050000.0,1,False,112.0,82.0,-0.09345794392523366,-0.07619047619047614,397.5409836065574
18630 NE 194th St,98077,Woodinville,Woodinville,Bothell & Woodinville,2790.0,1375000,2026-09-04,1400000.0,1400000.0,0,False,36.0,12.0,-0.017857142857142905,-0.017857142857142905,492.831541218638
14037 205th Ave NE,98077,Woodinville,Woodinville,Bothell & Woodinville,3070.0,1300000,2026-08-28,1300000.0,1300000.0,0,False,9.0,3.0,0.0,0.0,423.4527687296417
1300 N Lake Stickney Dr,98087,Lynnwood,Lynnwood & Martha Lake,Lynnwood & Mukilteo,5348.0,1420000,2026-09-21,1799000.0,1599000.0,1,False,137.0,98.0,-0.2106725958866037,-0.1119449656035022,265.5198204936425
3 153rd St SW,98087,Lynnwood,Lynnwood & Martha Lake,Lynnwood & Mukilteo,2773.0,1125000,2026-09-18,1125000.0,1125000.0,0,False,36.0,12.0,0.0,0.0,405.6978002163722
14926 18th Ave W,98087,Lynnwood,Lynnwood & Martha Lake,Lynnwood & Mukilteo,2063.0,800000,2026-09-17,849000.0,830000.0,1,True,98.0,68.0,-0.05771495877502941,-0.03614457831325302,387.78477944740666
3611 Shelby Rd,98087,Lynnwood,Lynnwood & Martha Lake,Lynnwood & Mukilteo,3046.0,1115000,2026-09-15,1150000.0,1150000.0,0,False,46.0,14.0,-0.0304347826086957,-0.0304347826086957,366.05384110308603
3821 Shelby Rd,98087,Lynnwood,Lynnwood & Martha Lake,Lynnwood & Mukilteo,5101.0,1130000,2026-09-11,1795000.0,1195000.0,13,True,315.0,286.0,-0.3704735376044568,-0.05439330543933052,221.52519113899234
15305 47th Pl W,98087,Lynnwood,Lynnwood & Martha Lake,Lynnwood & Mukilteo,1544.0,805000,2026-09-11,835000.0,835000.0,0,True,99.0,49.0,-0.0359281437125748,-0.0359281437125748,521.3730569948186
15416 20th Pl W,98087,Lynnwood,Lynnwood & Martha Lake,Lynnwood & Mukilteo,2102.0,750000,2026-09-10,774950.0,774950.0,0,False,92.0,57.0,-0.03219562552422739,-0.03219562552422739,356.8030447193149
120 155th St SE,98087,Lynnwood,Lynnwood & Martha Lake,Lynnwood & Mukilteo,1435.0,655000,2026-09-09,674999.0,674999.0,0,False,57.0,30.0,-0.029628192041766033,-0.029628192041766033,456.4459930313589
16018 2nd Pl W,98087,Lynnwood,Lynnwood & Martha Lake,Lynnwood & Mukilteo,1392.0,740000,2026-09-04,700000.0,700000.0,0,False,29.0,5.0,0.05714285714285716,0.05714285714285716,531.6091954022988
4223 147th St SW,98087,Lynnwood,Lynnwood & Martha Lake,Lynnwood & Mukilteo,1218.0,569975,2026-09-04,599975.0,599975.0,0,True,44.0,15.0,-0.05000208342014245,-0.05000208342014245,467.9597701149425
14625 33rd Pl W,98087,Lynnwood,Lynnwood & Martha Lake,Lynnwood & Mukilteo,2086.0,735000,2026-09-04,749500.0,736500.0,1,False,51.0,25.0,-0.019346230820546984,-0.0020366598778004397,352.3489932885906
1204 Darben Pl,98087,Lynnwood,Lynnwood & Martha Lake,Lynnwood & Mukilteo,1654.0,555000,2026-09-02,499950.0,499950.0,0,False,20.0,6.0,0.1101110111011101,0.1101110111011101,335.5501813784764
14426 40th Ave W,98087,Lynnwood,Lynnwood & Martha Lake,Lynnwood & Mukilteo,2279.0,905000,2026-08-31,950000.0,899950.0,1,False,68.0,38.0,-0.047368421052631615,0.0056114228568253655,397.1039929793769
4325 152nd St SW,98087,Lynnwood,Lynnwood & Martha Lake,Lynnwood & Mukilteo,1236.0,651700,2026-08-28,685000.0,655000.0,1,False,49.0,19.0,-0.048613138686131374,-0.005038167938931304,527.2653721682848
14028 Serene Way,98087,Lynnwood,Lynnwood & Martha Lake,Lynnwood & Mukilteo,1428.0,639900,2026-08-27,730000.0,639900.0,3,False,99.0,69.0,-0.12342465753424658,0.0,448.109243697479
709 153rd Pl SW,98087,Lynnwood,Lynnwood & Martha Lake,Lynnwood & Mukilteo,2880.0,1170000,2026-08-27,1285000.0,1249000.0,1,True,153.0,125.0,-0.08949416342412453,-0.06325060048038433,406.25
14 153rd St SW,98087,Lynnwood,Lynnwood & Martha Lake,Lynnwood & Mukilteo,2410.0,999900,2026-08-26,1049900.0,999900.0,1,False,56.0,30.0,-0.04762358319839988,0.0,414.896265560166
11306 SE 313th Pl,98092,Auburn,Auburn & Pacific,South King,2340.0,690000,2026-09-18,699000.0,699000.0,0,False,44.0,14.0,-0.012875536480686733,-0.012875536480686733,294.87179487179486
6636 Francis Ave SE,98092,Auburn,Auburn & Pacific,South King,1562.0,533900,2026-09-17,539999.0,535000.0,1,True,124.0,76.0,-0.01129446536012102,-0.002056074766355165,341.8053777208707
31430 114th Pl SE,98092,Auburn,Auburn & Pacific,South King,1670.0,600000,2026-09-16,619000.0,599000.0,2,False,69.0,33.0,-0.030694668820678506,0.0016694490818029983,359.2814371257485
33713 186th Ave SE,98092,Auburn,Auburn & Pacific,South King,3200.0,845000,2026-09-16,995000.0,875000.0,2,False,61.0,35.0,-0.1507537688442211,-0.03428571428571425,264.0625
6016 Elizabeth Ave SE,98092,Auburn,Auburn & Pacific,South King,2108.0,599950,2026-09-14,625000.0,599950.0,2,False,67.0,38.0,-0.040080000000000005,0.0,284.60626185958256
6702 Udall Pl SE,98092,Auburn,Auburn & Pacific,South King,2062.0,575000,2026-09-14,665000.0,609000.0,6,False,146.0,116.0,-0.13533834586466165,-0.05582922824302139,278.85548011639185
5010 Highland Dr SE,98092,Auburn,Auburn & Pacific,South King,2250.0,629000,2026-09-14,649999.0,629999.0,2,False,104.0,74.0,-0.03230620354800551,-0.0015857168027251234,279.55555555555554
12012 SE 310th St,98092,Auburn,Auburn & Pacific,South King,1900.0,500000,2026-09-14,885900.0,595000.0,9,True,221.0,190.0,-0.4356022124393273,-0.15966386554621848,263.1578947368421
11022 SE 313th St,98092,Auburn,Auburn & Pacific,South King,3010.0,625000,2026-09-11,650000.0,650000.0,0,False,18.0,3.0,-0.038461538461538436,-0.038461538461538436,207.64119601328903
1220 68th St SE,98092,Auburn,Auburn & Pacific,South King,2913.0,739000,2026-09-08,759000.0,749000.0,1,False,75.0,45.0,-0.026350461133069825,-0.013351134846461998,253.69035358736699
5406 Quincy Ave SE,98092,Auburn,Auburn & Pacific,South King,1980.0,620000,2026-09-08,630000.0,630000.0,0,False,20.0,5.0,-0.015873015873015928,-0.015873015873015928,313.1313131313131
29115 140th Ave SE,98092,Auburn,Auburn & Pacific,South King,2100.0,780000,2026-09-04,779950.0,779950.0,0,False,89.0,3.0,6.410667350476018e-05,6.410667350476018e-05,371.42857142857144
12715 SE Green Valley Rd,98092,Auburn,Auburn & Pacific,South King,870.0,399999,2026-09-04,399999.0,399999.0,0,False,14.0,8.0,0.0,0.0,459.7689655172414
12113 SE 319th Pl,98092,Auburn,Auburn & Pacific,South King,1090.0,448000,2026-09-03,430000.0,430000.0,0,False,28.0,7.0,0.041860465116279055,0.041860465116279055,411.0091743119266
30803 168th Ave SE,98092,Auburn,Auburn & Pacific,South King,2350.0,725000,2026-09-03,750000.0,750000.0,0,False,34.0,4.0,-0.033333333333333326,-0.033333333333333326,308.51063829787233
32704 110th Ave SE,98092,Auburn,Auburn & Pacific,South King,2150.0,785000,2026-08-28,795000.0,795000.0,0,False,67.0,5.0,-0.012578616352201255,-0.012578616352201255,365.1162790697674
29421 120th Ave SE,98092,Auburn,Auburn & Pacific,South King,2204.0,675000,2026-08-27,675000.0,675000.0,0,False,49.0,22.0,0.0,0.0,306.2613430127042
13902 139th Pl SE Lot 25,98092,Auburn,Auburn & Pacific,South King,4190.0,1804912,2026-08-26,1670900.0,1670900.0,0,False,263.0,0.0,0.0802034831527918,0.0802034831527918,430.76658711217186
4905 Highland Ct SE,98092,Auburn,Auburn & Pacific,South King,2244.0,695000,2026-08-25,699000.0,699000.0,0,False,50.0,20.0,-0.005722460658083017,-0.005722460658083017,309.71479500891263
12568 302nd Phase 2 Pl Lot 6,98092,Auburn,Auburn & Pacific,South King,2745.0,799950,2026-08-25,824950.0,799950.0,5,True,125.0,93.0,-0.030304866961634036,0.0,291.42076502732243
5524 Franklin Ave SE,98092,Auburn,Auburn & Pacific,South King,3170.0,845000,2026-08-24,829980.0,829980.0,0,False,21.0,5.0,0.018096821610159353,0.018096821610159353,266.5615141955836
12580 SE 302nd Phase 2 Pl Lot 8,98092,Auburn,Auburn & Pacific,South King,2350.0,770085,2026-08-24,754950.0,779950.0,2,True,124.0,50.0,0.020047685277170713,-0.012648246682479658,327.6957446808511
5060 Elliot Ct SE,98092,Auburn,Auburn & Pacific,South King,2251.0,579000,2026-08-24,589950.0,579000.0,2,False,82.0,47.0,-0.018560894991100918,0.0,257.21901377165705
939 13th Ave E,98102,Seattle,Queen Anne & Magnolia,Seattle North,2813.0,2150000,2026-09-09,2150000.0,2150000.0,0,False,29.0,7.0,0.0,0.0,764.3085673658017
929 13th Ave E,98102,Seattle,Queen Anne & Magnolia,Seattle North,1680.0,900000,2026-09-03,900000.0,900000.0,0,False,20.0,3.0,0.0,0.0,535.7142857142857
734 10th Ave E,98102,Seattle,Queen Anne & Magnolia,Seattle North,3300.0,2130000,2026-08-31,2197500.0,2197500.0,0,False,24.0,7.0,-0.030716723549488067,-0.030716723549488067,645.4545454545455
3110 Portage Bay Pl E Apt B,98102,Seattle,Queen Anne & Magnolia,Seattle North,1000.0,1360000,2026-08-27,1425000.0,1425000.0,0,False,44.0,29.0,-0.04561403508771933,-0.04561403508771933,1360.0
2112 N 64th St,98103,Seattle,North Seattle,Seattle North,3110.0,2200000,2026-09-18,2325000.0,2250000.0,1,False,105.0,63.0,-0.053763440860215006,-0.022222222222222254,707.395498392283
8509 Burke Ave N,98103,Seattle,North Seattle,Seattle North,2490.0,1399880,2026-09-17,1549880.0,1499000.0,1,True,70.0,57.0,-0.09678168632410256,-0.06612408272181458,562.2008032128514
745 N 97th St,98103,Seattle,North Seattle,Seattle North,2060.0,960000,2026-09-16,999950.0,975000.0,1,False,62.0,33.0,-0.039951997599879996,-0.01538461538461533,466.0194174757282
5509 Kensington Pl N,98103,Seattle,North Seattle,Seattle North,1740.0,850000,2026-09-15,849600.0,849600.0,0,False,25.0,5.0,0.00047080979284364055,0.00047080979284364055,488.5057471264368
6542 Greenwood Ave N,98103,Seattle,North Seattle,Seattle North,1060.0,654000,2026-09-14,629000.0,629000.0,0,False,24.0,7.0,0.03974562798092207,0.03974562798092207,616.9811320754717
1812 N 39th St,98103,Seattle,North Seattle,Seattle North,1650.0,1000000,2026-09-14,1035000.0,1035000.0,0,False,53.0,32.0,-0.033816425120772986,-0.033816425120772986,606.060606060606
6408 Francis Ave N,98103,Seattle,North Seattle,Seattle North,2600.0,1699950,2026-09-14,1699950.0,1699950.0,0,False,32.0,10.0,0.0,0.0,653.8269230769231
1717 N 82nd St,98103,Seattle,North Seattle,Seattle North,1767.0,1125000,2026-09-09,1015000.0,1015000.0,0,False,34.0,5.0,0.10837438423645329,0.10837438423645329,636.6723259762309
4017 Corliss Ave N,98103,Seattle,North Seattle,Seattle North,2160.0,1025000,2026-09-08,970000.0,970000.0,0,False,68.0,7.0,0.05670103092783507,0.05670103092783507,474.537037037037
8106 Stone Ave N,98103,Seattle,North Seattle,Seattle North,1780.0,1135000,2026-09-03,1075000.0,1075000.0,0,False,22.0,3.0,0.05581395348837215,0.05581395348837215,637.6404494382023
9118 Linden Ave N,98103,Seattle,North Seattle,Seattle North,1440.0,590000,2026-09-02,600000.0,600000.0,0,False,48.0,16.0,-0.01666666666666672,-0.01666666666666672,409.72222222222223
318 N 71st St,98103,Seattle,North Seattle,Seattle North,1120.0,875000,2026-09-01,875000.0,875000.0,0,False,39.0,9.0,0.0,0.0,781.25
523 N 70th St,98103,Seattle,North Seattle,Seattle North,2190.0,1350000,2026-08-31,1350000.0,1350000.0,0,False,17.0,5.0,0.0,0.0,616.4383561643835
102 N 41st St,98103,Seattle,North Seattle,Seattle North,2010.0,850000,2026-08-31,800000.0,800000.0,0,False,18.0,6.0,0.0625,0.0625,422.88557213930346
721 N 79th St,98103,Seattle,North Seattle,Seattle North,2920.0,1500000,2026-08-28,1695000.0,1645000.0,1,True,99.0,81.0,-0.11504424778761058,-0.08814589665653494,513.6986301369863
7516 E Green Lake Dr N,98103,Seattle,North Seattle,Seattle North,3470.0,3250000,2026-08-27,3250000.0,3250000.0,0,False,65.0,11.0,0.0,0.0,936.599423631124
706 N 78th St,98103,Seattle,North Seattle,Seattle North,2110.0,790000,2026-08-27,850000.0,799600.0,1,False,48.0,31.0,-0.07058823529411762,-0.012006003001500787,374.4075829383886
2202 N 41st St,98103,Seattle,North Seattle,Seattle North,3320.0,1860000,2026-08-27,1885000.0,1885000.0,0,False,35.0,7.0,-0.01326259946949604,-0.01326259946949604,560.2409638554217
511 N 76th St,98103,Seattle,North Seattle,Seattle North,1800.0,825000,2026-08-26,865000.0,825000.0,1,False,64.0,44.0,-0.046242774566473965,0.0,458.3333333333333
6505 Dayton Ave N,98103,Seattle,North Seattle,Seattle North,1510.0,650000,2026-08-26,578000.0,578000.0,0,False,19.0,4.0,0.12456747404844282,0.12456747404844282,430.4635761589404
3023 E Laurelhurst Dr NE,98105,Seattle,Capitol Hill & U District,Seattle North,4370.0,2760000,2026-09-17,2700000.0,2700000.0,0,False,14.0,3.0,0.022222222222222143,0.022222222222222143,631.578947368421
4103 43rd Ave NE,98105,Seattle,Capitol Hill & U District,Seattle North,4738.0,4600000,2026-09-11,4738000.0,4688000.0,1,True,324.0,212.0,-0.029126213592232997,-0.018771331058020424,970.8737864077669
2726 NE Blakeley St,98105,Seattle,Capitol Hill & U District,Seattle North,1797.0,1250000,2026-09-11,1249000.0,1249000.0,0,False,30.0,4.0,0.0008006405124099114,0.0008006405124099114,695.6037840845854
4231 53rd Ave NE,98105,Seattle,Capitol Hill & U District,Seattle North,3566.0,3595000,2026-09-11,3595000.0,3595000.0,0,False,43.0,10.0,0.0,0.0,1008.1323611890073
3844 Surber Dr NE,98105,Seattle,Capitol Hill & U District,Seattle North,1690.0,1811700,2026-09-10,1750000.0,1750000.0,0,False,28.0,6.0,0.035257142857142876,0.035257142857142876,1072.0118343195265
4720 NE 47th St,98105,Seattle,Capitol Hill & U District,Seattle North,2990.0,1830000,2026-09-08,2095000.0,1895950.0,2,False,62.0,44.0,-0.12649164677804292,-0.034784672591576804,612.0401337792642
127 NE 58th St,98105,Seattle,Capitol Hill & U District,Seattle North,2080.0,1350000,2026-09-04,1575000.0,1485000.0,2,True,119.0,97.0,-0.1428571428571429,-0.09090909090909094,649.0384615384615
4806 Purdue Ave NE,98105,Seattle,Capitol Hill & U District,Seattle North,2940.0,1150000,2026-09-02,1150000.0,1150000.0,0,False,27.0,9.0,0.0,0.0,391.15646258503403
5330 9th Ave NE,98105,Seattle,Capitol Hill & U District,Seattle North,1690.0,830000,2026-09-02,799000.0,799000.0,0,False,71.0,5.0,0.038798498122653235,0.038798498122653235,491.1242603550296
5632 NE 55th St,98105,Seattle,Capitol Hill & U District,Seattle North,6755.0,5150000,2026-08-27,5800000.0,5500000.0,1,False,322.0,303.0,-0.11206896551724133,-0.0636363636363636,762.39822353812
5706 35th Ave NE,98105,Seattle,Capitol Hill & U District,Seattle North,1080.0,745000,2026-08-26,950000.0,750000.0,3,False,90.0,,-0.21578947368421053,-0.00666666666666671,689.8148148148148
6727 21st Ave SW,98106,Seattle,White Center & Delridge,Seattle South,1340.0,410000,2026-09-21,549950.0,499000.0,1,False,68.0,48.0,-0.25447767978907176,-0.17835671342685366,305.97014925373134
8121 11th Ave SW,98106,Seattle,White Center & Delridge,Seattle South,2400.0,870000,2026-09-16,899000.0,899000.0,0,False,33.0,16.0,-0.032258064516129004,-0.032258064516129004,362.5
6352 24th Ave SW,98106,Seattle,White Center & Delridge,Seattle South,1800.0,715000,2026-09-16,774950.0,759950.0,2,False,167.0,128.0,-0.07735982966643007,-0.05914862819922362,397.22222222222223
8148 16th Ave SW,98106,Seattle,White Center & Delridge,Seattle South,1230.0,723000,2026-09-15,715000.0,715000.0,0,False,19.0,4.0,0.01118881118881121,0.01118881118881121,587.8048780487804
6714 14th Ave SW,98106,Seattle,White Center & Delridge,Seattle South,1640.0,746000,2026-09-14,749000.0,749000.0,0,False,25.0,9.0,-0.004005340453938633,-0.004005340453938633,454.8780487804878
8117 17th Ave SW,98106,Seattle,White Center & Delridge,Seattle South,820.0,579000,2026-09-14,640000.0,599000.0,5,False,164.0,146.0,-0.09531250000000002,-0.03338898163606008,706.0975609756098
5016 26th Ave SW,98106,Seattle,White Center & Delridge,Seattle South,1640.0,810000,2026-09-11,849900.0,824000.0,1,False,49.0,25.0,-0.046946699611719045,-0.016990291262135915,493.9024390243902
6745 18th Ave SW,98106,Seattle,White Center & Delridge,Seattle South,1600.0,660000,2026-09-04,749900.0,699900.0,1,True,113.0,91.0,-0.11988265102013607,-0.057008144020574414,412.5
8145 5th Ave SW,98106,Seattle,White Center & Delridge,Seattle South,4560.0,1350000,2026-09-01,1498000.0,1380000.0,2,False,174.0,,-0.09879839786381839,-0.021739130434782594,296.05263157894734
7729 12th Ave SW,98106,Seattle,White Center & Delridge,Seattle South,1100.0,620000,2026-08-28,675000.0,599000.0,3,False,86.0,61.0,-0.08148148148148149,0.03505843071786319,563.6363636363636
8820 24th Ave SW,98106,Seattle,White Center & Delridge,Seattle South,1512.0,780000,2026-08-26,799950.0,799950.0,0,False,27.0,11.0,-0.024939058691168192,-0.024939058691168192,515.8730158730159
7015 12th Ave SW,98106,Seattle,White Center & Delridge,Seattle South,1870.0,589000,2026-08-26,589000.0,589000.0,0,False,34.0,7.0,0.0,0.0,314.9732620320856
1066 SW 99th Pl Unit 55,98106,Seattle,White Center & Delridge,Seattle South,2267.0,650000,2026-08-26,759000.0,690000.0,3,True,134.0,121.0,-0.1436100131752306,-0.05797101449275366,286.7225408028231
3020 NW 60th St,98107,Seattle,North Seattle,Seattle North,3280.0,1550000,2026-09-16,1550000.0,1550000.0,0,False,19.0,6.0,0.0,0.0,472.5609756097561
5821 3rd Ave NW,98107,Seattle,North Seattle,Seattle North,2000.0,750000,2026-09-15,999000.0,825000.0,5,True,110.0,77.0,-0.2492492492492493,-0.09090909090909094,375.0
2853B Nw 63rd St,98107,Seattle,North Seattle,Seattle North,950.0,719000,2026-09-10,749000.0,719000.0,1,False,57.0,27.0,-0.040053404539385884,0.0,756.8421052631579
349 NW 49th St,98107,Seattle,North Seattle,Seattle North,1860.0,1070000,2026-09-09,1075000.0,1075000.0,0,False,35.0,0.0,-0.0046511627906976605,-0.0046511627906976605,575.2688172043011
4403 4th Ave NW,98107,Seattle,North Seattle,Seattle North,2490.0,1300000,2026-09-02,1050000.0,1050000.0,0,False,28.0,7.0,0.23809523809523814,0.23809523809523814,522.0883534136547
239 NW 48th St,98107,Seattle,North Seattle,Seattle North,2280.0,1274000,2026-09-01,1350000.0,1350000.0,0,True,47.0,19.0,-0.05629629629629629,-0.05629629629629629,558.7719298245614
2234 NW 62nd St,98107,Seattle,North Seattle,Seattle North,1923.0,1030000,2026-08-24,1080000.0,1038000.0,1,False,95.0,63.0,-0.04629629629629628,-0.0077071290944122905,535.6214248569943
3101 S Adams St,98108,Seattle,Central & SE Seattle,Seattle South,1809.0,965000,2026-09-14,965000.0,965000.0,0,False,47.0,17.0,0.0,0.0,533.4438916528469
2131 S Bennett St,98108,Seattle,Central & SE Seattle,Seattle South,1650.0,685000,2026-09-11,649950.0,649950.0,0,False,28.0,1.0,0.053927225171167104,0.053927225171167104,415.1515151515151
4148 29th Ave S,98108,Seattle,Central & SE Seattle,Seattle South,1752.0,800000,2026-09-09,785000.0,785000.0,0,False,34.0,4.0,0.019108280254777066,0.019108280254777066,456.62100456621005
2001 S Lucile St,98108,Seattle,Central & SE Seattle,Seattle South,1620.0,960000,2026-09-09,929000.0,929000.0,0,False,27.0,10.0,0.03336921420882666,0.03336921420882666,592.5925925925926
1217 S Charlestown St,98108,Seattle,Central & SE Seattle,Seattle South,2140.0,850000,2026-09-04,850000.0,850000.0,0,False,43.0,6.0,0.0,0.0,397.196261682243
5114 15th Ave S,98108,Seattle,Central & SE Seattle,Seattle South,2200.0,1000000,2026-09-02,1099995.0,1080000.0,4,True,123.0,103.0,-0.09090495865890302,-0.07407407407407407,454.54545454545456
535 S Henderson St,98108,Seattle,Central & SE Seattle,Seattle South,1540.0,575000,2026-09-02,599950.0,599950.0,0,False,19.0,6.0,-0.04158679889990835,-0.04158679889990835,373.3766233766234
4042 Martin Luther King Jr Way S,98108,Seattle,Central & SE Seattle,Seattle South,2287.0,1040000,2026-08-31,958888.0,1058000.0,1,False,46.0,15.0,0.08458964967754312,-0.017013232514177745,454.74420638390905
3009 S Findlay St,98108,Seattle,Central & SE Seattle,Seattle South,1820.0,665000,2026-08-28,665000.0,665000.0,0,False,23.0,2.0,0.0,0.0,365.38461538461536
9006 5th Ave S,98108,Seattle,Central & SE Seattle,Seattle South,833.0,498000,2026-08-27,498000.0,498000.0,0,True,117.0,82.0,0.0,0.0,597.8391356542617
4916 24th Pl S,98108,Seattle,Central & SE Seattle,Seattle South,2500.0,850000,2026-08-24,1080000.0,899950.0,2,False,112.0,88.0,-0.2129629629629629,-0.05550308350463917,340.0
2770 Westlake Ave N Apt 6,98109,Seattle,Queen Anne & Magnolia,Seattle North,1151.0,1450000,2026-09-16,1595000.0,1525000.0,1,False,107.0,86.0,-0.09090909090909094,-0.049180327868852514,1259.7741094700261
1721 3rd Ave N,98109,Seattle,Queen Anne & Magnolia,Seattle North,2120.0,1498000,2026-09-14,1498000.0,1498000.0,0,False,18.0,5.0,0.0,0.0,706.6037735849056
15 Fulton St,98109,Seattle,Queen Anne & Magnolia,Seattle North,1720.0,865000,2026-09-10,900000.0,900000.0,0,False,76.0,19.0,-0.03888888888888886,-0.03888888888888886,502.90697674418607
2217 4th Ave N,98109,Seattle,Queen Anne & Magnolia,Seattle North,2272.0,1355000,2026-09-10,1450000.0,1399000.0,2,False,63.0,33.0,-0.06551724137931036,-0.03145103645461045,596.3908450704225
1616 Taylor Ave N,98109,Seattle,Queen Anne & Magnolia,Seattle North,1850.0,1075000,2026-09-09,1099000.0,1099000.0,0,False,50.0,17.0,-0.021838034576888044,-0.021838034576888044,581.081081081081
2466 Westlake Ave N Unit 8,98109,Seattle,Queen Anne & Magnolia,Seattle North,1878.0,3000000,2026-09-04,3195000.0,3195000.0,0,False,135.0,121.0,-0.06103286384976525,-0.06103286384976525,1597.444089456869
370 Highland Dr,98109,Seattle,Queen Anne & Magnolia,Seattle North,3410.0,2450000,2026-09-03,2500000.0,2500000.0,0,False,24.0,4.0,-0.020000000000000018,-0.020000000000000018,718.475073313783
801 Newton St,98109,Seattle,Queen Anne & Magnolia,Seattle North,1490.0,820000,2026-08-28,1250000.0,829000.0,9,True,563.0,419.0,-0.344,-0.010856453558504175,550.3355704697987
164 McGraw St,98109,Seattle,Queen Anne & Magnolia,Seattle North,2910.0,2500000,2026-08-24,2390000.0,2390000.0,0,False,33.0,6.0,0.046025104602510414,0.046025104602510414,859.106529209622
1426 37th Ave E,98112,Seattle,Capitol Hill & U District,Seattle North,1038.0,1350000,2026-09-21,1495000.0,1495000.0,0,True,90.0,70.0,-0.09698996655518399,-0.09698996655518399,1300.578034682081
1970 25th Ave E,98112,Seattle,Capitol Hill & U District,Seattle North,1940.0,1335000,2026-09-14,1395000.0,1469000.0,1,True,26.0,7.0,-0.043010752688172005,-0.09121851599727704,688.1443298969073
1000 15th Ave E,98112,Seattle,Capitol Hill & U District,Seattle North,4369.0,2250000,2026-09-11,2395000.0,2295000.0,1,False,77.0,65.0,-0.06054279749478075,-0.019607843137254943,514.9919890135043
1419 McGilvra Blvd E,98112,Seattle,Capitol Hill & U District,Seattle North,3430.0,1900000,2026-09-10,2175000.0,1995000.0,2,False,133.0,95.0,-0.12643678160919536,-0.04761904761904767,553.935860058309
1502 39th Ave E,98112,Seattle,Capitol Hill & U District,Seattle North,2839.0,2150000,2026-09-09,2135000.0,2135000.0,0,False,20.0,4.0,0.007025761124121788,0.007025761124121788,757.3089115885875
1972 25th Ave E,98112,Seattle,Capitol Hill & U District,Seattle North,1134.0,825000,2026-09-02,849000.0,849000.0,0,True,82.0,52.0,-0.028268551236749095,-0.028268551236749095,727.5132275132275
403 18th Ave E,98112,Seattle,Capitol Hill & U District,Seattle North,3850.0,3880000,2026-08-31,3250000.0,3250000.0,0,False,24.0,6.0,0.19384615384615378,0.19384615384615378,1007.7922077922078
351 17th Ave E,98112,Seattle,Capitol Hill & U District,Seattle North,1920.0,1390000,2026-08-26,1590000.0,1399000.0,2,False,110.0,71.0,-0.12578616352201255,-0.006433166547534008,723.9583333333334
1533 38th Ave E,98112,Seattle,Capitol Hill & U District,Seattle North,5870.0,4000000,2026-08-26,4500000.0,4500000.0,0,True,82.0,69.0,-0.11111111111111116,-0.11111111111111116,681.4310051107325
2459 24th Ave E,98112,Seattle,Capitol Hill & U District,Seattle North,1960.0,1080000,2026-08-25,1070000.0,1070000.0,0,False,33.0,2.0,0.009345794392523255,0.009345794392523255,551.0204081632653
314 25th Ave E,98112,Seattle,Capitol Hill & U District,Seattle North,1740.0,865000,2026-08-24,1098000.0,920000.0,3,True,194.0,174.0,-0.21220400728597455,-0.05978260869565222,497.1264367816092
6322 5th Ave NE,98115,Seattle,North Seattle,Seattle North,2119.0,970000,2026-09-17,1050000.0,1050000.0,0,True,64.0,32.0,-0.07619047619047614,-0.07619047619047614,457.7630957999056
7333 46th Ave NE,98115,Seattle,North Seattle,Seattle North,2680.0,1500000,2026-09-17,1500000.0,1500000.0,0,False,34.0,3.0,0.0,0.0,559.7014925373135
113 NE 60th St,98115,Seattle,North Seattle,Seattle North,1150.0,679950,2026-09-16,679950.0,679950.0,0,False,34.0,10.0,0.0,0.0,591.2608695652174
847 NE 85th St,98115,Seattle,North Seattle,Seattle North,2600.0,1300000,2026-09-16,1300000.0,1300000.0,0,False,14.0,1.0,0.0,0.0,500.0
8623 30th Ave NE,98115,Seattle,North Seattle,Seattle North,1260.0,970000,2026-09-15,1045000.0,1045000.0,0,True,66.0,53.0,-0.0717703349282297,-0.0717703349282297,769.8412698412699
2502 NE 68th St,98115,Seattle,North Seattle,Seattle North,1940.0,1187000,2026-09-14,1250000.0,1250000.0,0,True,60.0,40.0,-0.0504,-0.0504,611.8556701030927
9047 51st Ave NE,98115,Seattle,North Seattle,Seattle North,1940.0,1545000,2026-09-11,1495000.0,1495000.0,0,False,16.0,5.0,0.03344481605351168,0.03344481605351168,796.3917525773196
7346 19th Ave NE,98115,Seattle,North Seattle,Seattle North,2450.0,1447000,2026-09-10,1349900.0,1349900.0,0,False,29.0,7.0,0.07193125416697543,0.07193125416697543,590.6122448979592
6016 34th Ave NE,98115,Seattle,North Seattle,Seattle North,1670.0,910000,2026-09-09,910000.0,910000.0,0,False,33.0,8.0,0.0,0.0,544.9101796407185
8526 17th Ave NE,98115,Seattle,North Seattle,Seattle North,1800.0,905000,2026-09-03,989000.0,989000.0,0,True,71.0,46.0,-0.08493427704752277,-0.08493427704752277,502.77777777777777
409 NE 60th St,98115,Seattle,North Seattle,Seattle North,2450.0,1225000,2026-09-01,1200000.0,1200000.0,0,False,39.0,6.0,0.02083333333333326,0.02083333333333326,500.0
3229 NE 87th St,98115,Seattle,North Seattle,Seattle North,2230.0,1075000,2026-08-31,1050000.0,1050000.0,0,False,32.0,1.0,0.023809523809523725,0.023809523809523725,482.0627802690583
505 NE 78th St,98115,Seattle,North Seattle,Seattle North,2360.0,1201375,2026-08-28,1349000.0,1299990.0,1,True,64.0,34.0,-0.10943291326908822,-0.07585827583289106,509.05720338983053
809 NE 90th St,98115,Seattle,North Seattle,Seattle North,1129.0,878950,2026-08-28,878950.0,878950.0,0,False,90.0,67.0,0.0,0.0,778.5208148804252
6318 5th Ave NE,98115,Seattle,North Seattle,Seattle North,838.0,672500,2026-08-28,699950.0,699950.0,0,True,85.0,75.0,-0.0392170869347811,-0.0392170869347811,802.5059665871122
3536 NE 94th St,98115,Seattle,North Seattle,Seattle North,2670.0,920000,2026-08-28,1100000.0,975000.0,1,False,57.0,38.0,-0.1636363636363637,-0.05641025641025643,344.56928838951313
3034 NE 89th St,98115,Seattle,North Seattle,Seattle North,2960.0,1800000,2026-08-28,2100000.0,1849500.0,3,False,101.0,70.0,-0.1428571428571429,-0.02676399026763987,608.1081081081081
6525 23rd Ave NE,98115,Seattle,North Seattle,Seattle North,1480.0,893000,2026-08-27,975000.0,893000.0,2,False,105.0,80.0,-0.08410256410256411,0.0,603.3783783783783
7051 34th Ave NE,98115,Seattle,North Seattle,Seattle North,3490.0,2315000,2026-08-27,2195000.0,2195000.0,0,False,35.0,5.0,0.0546697038724373,0.0546697038724373,663.323782234957
1047 NE 98th St,98115,Seattle,North Seattle,Seattle North,2330.0,965000,2026-08-25,1025000.0,1025000.0,0,False,26.0,5.0,-0.05853658536585371,-0.05853658536585371,414.16309012875536
317 NE 91st St,98115,Seattle,North Seattle,Seattle North,2250.0,1200000,2026-08-24,1250000.0,1250000.0,0,False,45.0,26.0,-0.040000000000000036,-0.040000000000000036,533.3333333333334
2109 NE 83rd St,98115,Seattle,North Seattle,Seattle North,1088.0,694950,2026-08-24,694950.0,694950.0,0,False,38.0,8.0,0.0,0.0,638.7408088235294
2715 50th Ave SW,98116,Seattle,West Seattle,Seattle South,1072.0,680000,2026-09-21,749000.0,725000.0,1,False,75.0,57.0,-0.09212283044058744,-0.06206896551724139,634.3283582089553
2916 Walnut Ave SW,98116,Seattle,West Seattle,Seattle South,1760.0,885000,2026-09-18,850000.0,850000.0,0,False,22.0,6.0,0.04117647058823537,0.04117647058823537,502.84090909090907
2646 41st Ave SW Unit D,98116,Seattle,West Seattle,Seattle South,1526.0,1000000,2026-09-17,999000.0,999000.0,0,False,31.0,0.0,0.0010010010010010895,0.0010010010010010895,655.307994757536
2648 41st Ave SW,98116,Seattle,West Seattle,Seattle South,1526.0,999000,2026-09-15,999000.0,999000.0,0,False,32.0,1.0,0.0,0.0,654.6526867627786
4540 51st Ave SW,98116,Seattle,West Seattle,Seattle South,1620.0,995000,2026-09-11,995000.0,995000.0,0,False,35.0,16.0,0.0,0.0,614.1975308641976
4153 39th Ave SW,98116,Seattle,West Seattle,Seattle South,1640.0,799950,2026-09-11,799950.0,799950.0,0,False,29.0,5.0,0.0,0.0,487.7743902439024
3844 49th Ave SW,98116,Seattle,West Seattle,Seattle South,2186.0,930000,2026-09-11,980000.0,980000.0,0,True,31.0,20.0,-0.05102040816326525,-0.05102040816326525,425.4345837145471
4048 56th Ave SW,98116,Seattle,West Seattle,Seattle South,2520.0,1720000,2026-09-10,1775800.0,1775800.0,0,False,57.0,21.0,-0.031422457483950894,-0.031422457483950894,682.5396825396825
2645 Walnut Ave SW,98116,Seattle,West Seattle,Seattle South,2277.0,1519000,2026-09-10,1519000.0,1519000.0,0,False,27.0,3.0,0.0,0.0,667.1058410188845
4456 46th Ave SW,98116,Seattle,West Seattle,Seattle South,1730.0,1015000,2026-09-09,1049950.0,1024950.0,1,False,62.0,45.0,-0.03328729939520925,-0.0097077906239329,586.7052023121387
2115 Bonair Dr SW,98116,Seattle,West Seattle,Seattle South,1920.0,950000,2026-09-08,975000.0,975000.0,0,False,75.0,7.0,-0.02564102564102566,-0.02564102564102566,494.7916666666667
3226 48th Ave SW,98116,Seattle,West Seattle,Seattle South,1500.0,1020000,2026-09-04,975000.0,975000.0,0,False,22.0,6.0,0.04615384615384621,0.04615384615384621,680.0
2763 59th Ave SW,98116,Seattle,West Seattle,Seattle South,3010.0,1275000,2026-09-04,1450000.0,1275000.0,2,False,54.0,31.0,-0.12068965517241381,0.0,423.5880398671096
5407 SW Beach Drive Ter,98116,Seattle,West Seattle,Seattle South,2220.0,1385000,2026-09-02,1375000.0,1375000.0,0,False,25.0,5.0,0.0072727272727273196,0.0072727272727273196,623.8738738738739
3638 50th Ave SW,98116,Seattle,West Seattle,Seattle South,1680.0,1100000,2026-08-31,1025000.0,1025000.0,0,False,20.0,2.0,0.07317073170731714,0.07317073170731714,654.7619047619048
4055 SW Holgate St,98116,Seattle,West Seattle,Seattle South,2980.0,1510000,2026-08-31,1799000.0,1799000.0,0,True,88.0,70.0,-0.16064480266814896,-0.16064480266814896,506.71140939597313
3715 40th Ave SW,98116,Seattle,West Seattle,Seattle South,2220.0,675000,2026-08-28,675000.0,675000.0,0,False,49.0,0.0,0.0,0.0,304.05405405405406
5414 SW Beach Drive Ter,98116,Seattle,West Seattle,Seattle South,2016.0,1235000,2026-08-26,1298000.0,1250000.0,1,False,47.0,17.0,-0.04853620955315874,-0.01200000000000001,612.5992063492064
2714 58th Ave SW,98116,Seattle,West Seattle,Seattle South,1322.0,889000,2026-08-24,919000.0,889000.0,1,True,67.0,35.0,-0.03264417845484224,0.0,672.4659606656581
8327 24th Ave NW,98117,Seattle,North Seattle,Seattle North,2420.0,965000,2026-09-21,975000.0,975000.0,0,False,46.0,18.0,-0.01025641025641022,-0.01025641025641022,398.7603305785124
310 NW 75th St,98117,Seattle,North Seattle,Seattle North,1920.0,910000,2026-09-18,995000.0,995000.0,0,True,85.0,55.0,-0.085427135678392,-0.085427135678392,473.9583333333333
9035 11th Ave NW,98117,Seattle,North Seattle,Seattle North,1660.0,850000,2026-09-16,799950.0,799950.0,0,False,21.0,4.0,0.06256641040065003,0.06256641040065003,512.0481927710844
6741 9th Ave NW,98117,Seattle,North Seattle,Seattle North,1830.0,1113000,2026-09-16,899950.0,899950.0,0,False,20.0,6.0,0.23673537418745494,0.23673537418745494,608.1967213114754
8021 9th Ave NW,98117,Seattle,North Seattle,Seattle North,2390.0,1298000,2026-09-16,1298000.0,1298000.0,0,False,27.0,5.0,0.0,0.0,543.0962343096235
2833 NW 69th St,98117,Seattle,North Seattle,Seattle North,1810.0,1311000,2026-09-15,1200000.0,1200000.0,0,False,26.0,4.0,0.09250000000000003,0.09250000000000003,724.3093922651934
8311 3rd Ave NW,98117,Seattle,North Seattle,Seattle North,1300.0,580000,2026-09-15,585000.0,585000.0,0,False,20.0,3.0,-0.008547008547008517,-0.008547008547008517,446.15384615384613
347 NW 74th St,98117,Seattle,North Seattle,Seattle North,1850.0,1195000,2026-09-15,1195000.0,1195000.0,0,False,26.0,6.0,0.0,0.0,645.9459459459459
8738 13th Ave NW,98117,Seattle,North Seattle,Seattle North,963.0,574000,2026-09-15,574000.0,574000.0,0,True,76.0,50.0,0.0,0.0,596.0539979231568
325 NW 74th St,98117,Seattle,North Seattle,Seattle North,2250.0,1450000,2026-09-14,1449950.0,1449950.0,0,False,26.0,7.0,3.448394772243013e-05,3.448394772243013e-05,644.4444444444445
7064 Cleopatra Pl NW,98117,Seattle,North Seattle,Seattle North,1094.0,824900,2026-09-11,899900.0,874900.0,1,True,134.0,109.0,-0.08334259362151353,-0.05714938850154305,754.0219378427788
2836 NW 73rd St,98117,Seattle,North Seattle,Seattle North,1907.0,1130000,2026-09-10,1175000.0,1175000.0,0,True,103.0,73.0,-0.03829787234042559,-0.03829787234042559,592.5537493445202
9114 31st Ave NW,98117,Seattle,North Seattle,Seattle North,2720.0,1495000,2026-09-09,1495000.0,1495000.0,0,False,19.0,3.0,0.0,0.0,549.6323529411765
7336 11th Ave NW,98117,Seattle,North Seattle,Seattle North,1730.0,1050000,2026-09-09,1050000.0,1050000.0,0,False,27.0,6.0,0.0,0.0,606.9364161849711
7418 8th Ave NW,98117,Seattle,North Seattle,Seattle North,1570.0,908775,2026-09-09,849000.0,849000.0,0,False,49.0,7.0,0.07040636042402837,0.07040636042402837,578.8375796178344
1307 NW 80th St,98117,Seattle,North Seattle,Seattle North,1920.0,965000,2026-09-09,965000.0,965000.0,0,False,34.0,5.0,0.0,0.0,502.6041666666667
7043 17th Ave NW,98117,Seattle,North Seattle,Seattle North,840.0,730000,2026-09-08,875000.0,949950.0,1,True,217.0,,-0.1657142857142857,-0.23153850202642245,869.047619047619
7537 18th Ave NW,98117,Seattle,North Seattle,Seattle North,1660.0,1113000,2026-09-08,975000.0,975000.0,0,False,19.0,6.0,0.1415384615384616,0.1415384615384616,670.4819277108434
6745 1st Ave NW,98117,Seattle,North Seattle,Seattle North,3000.0,1045000,2026-09-08,999000.0,999000.0,0,False,18.0,3.0,0.04604604604604612,0.04604604604604612,348.3333333333333
8036 9th Ave NW,98117,Seattle,North Seattle,Seattle North,1950.0,1149000,2026-09-04,1149000.0,1149000.0,0,False,36.0,8.0,0.0,0.0,589.2307692307693
2131 NW 96th St,98117,Seattle,North Seattle,Seattle North,3880.0,2330000,2026-09-02,2330000.0,2330000.0,0,False,28.0,4.0,0.0,0.0,600.5154639175257
3026 NW 71st St,98117,Seattle,North Seattle,Seattle North,2330.0,1250000,2026-09-01,1250000.0,1250000.0,0,False,39.0,11.0,0.0,0.0,536.480686695279
8809 Earl Ave NW,98117,Seattle,North Seattle,Seattle North,2530.0,1575000,2026-08-31,1575000.0,1575000.0,0,True,20.0,1.0,0.0,0.0,622.5296442687747
3515 NW 71st St,98117,Seattle,North Seattle,Seattle North,1490.0,1575000,2026-08-31,1575000.0,1575000.0,0,False,30.0,7.0,0.0,0.0,1057.0469798657718
7305 Earl Ave NW,98117,Seattle,North Seattle,Seattle North,2160.0,940000,2026-08-28,989000.0,964000.0,1,False,49.0,27.0,-0.04954499494438824,-0.024896265560165998,435.18518518518516
9001 28th Ave NW,98117,Seattle,North Seattle,Seattle North,2545.0,1510000,2026-08-25,1525000.0,1490000.0,1,False,40.0,15.0,-0.00983606557377048,0.01342281879194629,593.320235756385
8529 29th Ave NW,98117,Seattle,North Seattle,Seattle North,2200.0,1275000,2026-08-25,1349000.0,1299900.0,1,False,54.0,30.0,-0.05485544848035584,-0.0191553196399723,579.5454545454545
7531 25th Ave NW,98117,Seattle,North Seattle,Seattle North,2390.0,1340000,2026-08-25,1299950.0,1299950.0,0,False,27.0,7.0,0.030808877264510093,0.030808877264510093,560.6694560669456
7515 Mary Ave NW,98117,Seattle,North Seattle,Seattle North,1860.0,1150101,2026-08-24,899950.0,899950.0,0,False,26.0,5.0,0.27796099783321293,0.27796099783321293,618.333870967742
8907 Beacon Ave S,98118,Seattle,Central & SE Seattle,Seattle South,1040.0,490000,2026-09-17,545500.0,545500.0,0,False,35.0,9.0,-0.1017415215398717,-0.1017415215398717,471.15384615384613
4406 S Othello St,98118,Seattle,Central & SE Seattle,Seattle South,1330.0,545000,2026-09-16,539000.0,539000.0,0,False,33.0,5.0,0.011131725417439675,0.011131725417439675,409.77443609022555
3639 S Lucile St,98118,Seattle,Central & SE Seattle,Seattle South,720.0,569000,2026-09-11,569000.0,569000.0,0,False,23.0,5.0,0.0,0.0,790.2777777777778
9656 Beacon Ave S,98118,Seattle,Central & SE Seattle,Seattle South,2140.0,690000,2026-09-10,724950.0,699950.0,2,False,76.0,49.0,-0.04821022139457898,-0.014215301092935229,322.4299065420561
3540 S Kenyon St,98118,Seattle,Central & SE Seattle,Seattle South,2590.0,750000,2026-09-10,890000.0,790000.0,2,False,50.0,27.0,-0.1573033707865169,-0.05063291139240511,289.57528957528956
9615 56th Ave S,98118,Seattle,Central & SE Seattle,Seattle South,4810.0,775000,2026-09-10,800000.0,800000.0,0,False,56.0,16.0,-0.03125,-0.03125,161.12266112266113
9240 39th Ave S,98118,Seattle,Central & SE Seattle,Seattle South,2770.0,740000,2026-09-02,849999.0,779999.0,3,True,349.0,301.0,-0.1294107404832241,-0.05128083497542946,267.1480144404332
3832 S Edmunds Street Ct,98118,Seattle,Central & SE Seattle,Seattle South,2020.0,962500,2026-09-01,995000.0,985000.0,1,True,63.0,49.0,-0.03266331658291455,-0.022842639593908642,476.48514851485146
4518 49th Ave S,98118,Seattle,Central & SE Seattle,Seattle South,2610.0,1280000,2026-09-01,1395000.0,1395000.0,0,True,39.0,29.0,-0.08243727598566308,-0.08243727598566308,490.4214559386973
7529 Beacon Ave S,98118,Seattle,Central & SE Seattle,Seattle South,1690.0,600000,2026-09-01,695000.0,620000.0,2,False,102.0,66.0,-0.13669064748201443,-0.032258064516129004,355.0295857988166
9344 52nd Ave S,98118,Seattle,Central & SE Seattle,Seattle South,1580.0,485000,2026-08-31,499999.0,499999.0,0,False,38.0,6.0,-0.02999805999612004,-0.02999805999612004,306.9620253164557
4215 51st Ave S,98118,Seattle,Central & SE Seattle,Seattle South,2240.0,890000,2026-08-31,850000.0,850000.0,0,False,25.0,6.0,0.04705882352941182,0.04705882352941182,397.32142857142856
5231 S Othello St,98118,Seattle,Central & SE Seattle,Seattle South,2880.0,1415000,2026-08-31,1350000.0,1350000.0,0,False,18.0,6.0,0.04814814814814805,0.04814814814814805,491.31944444444446
6025 47th Ave S Unit A,98118,Seattle,Central & SE Seattle,Seattle South,2139.0,1085000,2026-08-28,1099950.0,1099950.0,0,True,118.0,33.0,-0.013591526887585803,-0.013591526887585803,507.2463768115942
5050 35th Ave S,98118,Seattle,Central & SE Seattle,Seattle South,2230.0,940000,2026-08-28,998000.0,978000.0,1,False,63.0,36.0,-0.05811623246492981,-0.03885480572597133,421.52466367713004
5220 42nd Ave S Apt 103,98118,Seattle,Central & SE Seattle,Seattle South,565.0,349950,2026-08-25,349950.0,349950.0,0,False,34.0,1.0,0.0,0.0,619.3805309734513
3310 9th Ave W,98119,Seattle,Queen Anne & Magnolia,Seattle North,2230.0,1500000,2026-09-21,1600000.0,1600000.0,0,False,68.0,39.0,-0.0625,-0.0625,672.6457399103139
803 W Etruria St,98119,Seattle,Queen Anne & Magnolia,Seattle North,2915.0,1935000,2026-09-21,1995000.0,1995000.0,0,False,39.0,20.0,-0.03007518796992481,-0.03007518796992481,663.8078902229846
1080 W Ewing St Unit E5,98119,Seattle,Queen Anne & Magnolia,Seattle North,500.0,275000,2026-09-17,380000.0,299000.0,2,False,198.0,160.0,-0.2763157894736842,-0.08026755852842804,550.0
1532 5th Ave W,98119,Seattle,Queen Anne & Magnolia,Seattle North,4180.0,1700000,2026-09-16,1700000.0,1700000.0,0,False,28.0,13.0,0.0,0.0,406.69856459330146
809 W Armour St,98119,Seattle,Queen Anne & Magnolia,Seattle North,1167.0,900000,2026-09-11,1149000.0,995000.0,4,False,274.0,246.0,-0.216710182767624,-0.09547738693467334,771.2082262210797
2541 10th Ave W,98119,Seattle,Queen Anne & Magnolia,Seattle North,2580.0,1280000,2026-09-09,1295000.0,1295000.0,0,False,34.0,20.0,-0.01158301158301156,-0.01158301158301156,496.1240310077519
2815 8th Ave W,98119,Seattle,Queen Anne & Magnolia,Seattle North,2405.0,1300000,2026-09-02,1349000.0,1349000.0,0,False,33.0,22.0,-0.036323202372127494,-0.036323202372127494,540.5405405405405
2204 3rd Ave W,98119,Seattle,Queen Anne & Magnolia,Seattle North,1820.0,985000,2026-08-26,1099000.0,999950.0,1,False,47.0,29.0,-0.10373066424021837,-0.014950747537376907,541.2087912087912
2714 10th Ave W,98119,Seattle,Queen Anne & Magnolia,Seattle North,2230.0,1450000,2026-08-25,1450000.0,1450000.0,0,False,32.0,6.0,0.0,0.0,650.2242152466367
2440 Western Ave Apt 602,98121,Seattle,Queen Anne & Magnolia,Seattle North,514.0,253000,2026-08-31,299900.0,249900.0,1,True,138.0,127.0,-0.15638546182060686,0.012404961984793905,492.21789883268485
1500 31st Ave,98122,Seattle,Capitol Hill & U District,Seattle North,1010.0,840000,2026-09-21,1050000.0,1050000.0,0,True,107.0,92.0,-0.19999999999999996,-0.19999999999999996,831.6831683168317
3701 E Alder St,98122,Seattle,Capitol Hill & U District,Seattle North,1750.0,1750000,2026-09-16,1399950.0,1399950.0,0,False,35.0,7.0,0.2500446444515876,0.2500446444515876,1000.0
1516 34th Ave,98122,Seattle,Capitol Hill & U District,Seattle North,2600.0,1445000,2026-09-15,1475000.0,1475000.0,0,False,27.0,10.0,-0.02033898305084747,-0.02033898305084747,555.7692307692307
1522 34th Ave,98122,Seattle,Capitol Hill & U District,Seattle North,2270.0,1535000,2026-09-15,1575000.0,1575000.0,0,False,34.0,14.0,-0.025396825396825418,-0.025396825396825418,676.2114537444934
1620 E Alder St,98122,Seattle,Capitol Hill & U District,Seattle North,2690.0,1595000,2026-09-14,1595000.0,1595000.0,0,False,32.0,17.0,0.0,0.0,592.9368029739777
502 32nd Ave,98122,Seattle,Capitol Hill & U District,Seattle North,1340.0,952000,2026-09-10,995000.0,945000.0,2,False,105.0,85.0,-0.04321608040201008,0.007407407407407307,710.4477611940298
1606 22nd Ave,98122,Seattle,Capitol Hill & U District,Seattle North,1140.0,780000,2026-09-10,815000.0,795000.0,1,False,77.0,46.0,-0.042944785276073594,-0.018867924528301883,684.2105263157895
1515 37th Ave,98122,Seattle,Capitol Hill & U District,Seattle North,3910.0,2400000,2026-09-04,2400000.0,2400000.0,0,False,37.0,8.0,0.0,0.0,613.8107416879795
1600 27th Ave,98122,Seattle,Capitol Hill & U District,Seattle North,2760.0,900000,2026-09-03,1199000.0,990000.0,5,True,202.0,178.0,-0.24937447873227692,-0.09090909090909094,326.0869565217391
507 31st Ave,98122,Seattle,Capitol Hill & U District,Seattle North,1910.0,1155000,2026-08-31,1150000.0,1150000.0,0,False,25.0,5.0,0.004347826086956497,0.004347826086956497,604.7120418848167
10303 20th Ave NE,98125,Seattle,North Seattle,Seattle North,1580.0,920000,2026-09-21,938000.0,938000.0,0,False,46.0,15.0,-0.019189765458422214,-0.019189765458422214,582.2784810126582
1212 NE 100th St,98125,Seattle,North Seattle,Seattle North,2062.0,1150000,2026-09-18,1149900.0,1149900.0,0,False,49.0,14.0,8.696408383346288e-05,8.696408383346288e-05,557.7109602327837
125 NE 135th St,98125,Seattle,North Seattle,Seattle North,2940.0,805000,2026-09-15,825000.0,799950.0,1,False,81.0,26.0,-0.024242424242424288,0.006312894555909665,273.8095238095238
11516 8th Ave NE,98125,Seattle,North Seattle,Seattle North,2150.0,899000,2026-09-14,950000.0,899000.0,2,False,52.0,31.0,-0.05368421052631578,0.0,418.13953488372096
13041 25th Ave NE,98125,Seattle,North Seattle,Seattle North,1210.0,821500,2026-09-11,795000.0,795000.0,0,False,29.0,5.0,0.03333333333333344,0.03333333333333344,678.9256198347107
10708 17th Ave NE,98125,Seattle,North Seattle,Seattle North,2060.0,815000,2026-09-11,800000.0,800000.0,0,False,24.0,3.0,0.018750000000000044,0.018750000000000044,395.63106796116506
10733 Bartlett Ave NE,98125,Seattle,North Seattle,Seattle North,2230.0,900000,2026-09-11,997950.0,997950.0,0,False,42.0,15.0,-0.0981512099804599,-0.0981512099804599,403.58744394618833
10303 15th Ave NE,98125,Seattle,North Seattle,Seattle North,1600.0,885000,2026-09-10,875000.0,875000.0,0,False,27.0,4.0,0.011428571428571344,0.011428571428571344,553.125
13033 31st Ave NE,98125,Seattle,North Seattle,Seattle North,1010.0,625000,2026-09-10,725000.0,699950.0,1,True,126.0,98.0,-0.13793103448275867,-0.10707907707693409,618.8118811881188
2752 NE 103rd St,98125,Seattle,North Seattle,Seattle North,2480.0,1450888,2026-09-09,1435888.0,1435888.0,0,False,27.0,5.0,0.010446497219838813,0.010446497219838813,585.0354838709677
12544 25th Ave NE,98125,Seattle,North Seattle,Seattle North,1990.0,1010000,2026-09-04,1055000.0,1030000.0,1,False,50.0,27.0,-0.042654028436018954,-0.01941747572815533,507.53768844221105
11045 Alton Ave NE,98125,Seattle,North Seattle,Seattle North,2000.0,920000,2026-09-04,875000.0,875000.0,0,False,16.0,3.0,0.05142857142857138,0.05142857142857138,460.0
11556 17th Ave NE,98125,Seattle,North Seattle,Seattle North,940.0,645950,2026-09-01,739950.0,739950.0,0,True,95.0,63.0,-0.12703561051422396,-0.12703561051422396,687.1808510638298
1228 NE Brockman Pl,98125,Seattle,North Seattle,Seattle North,1740.0,790000,2026-09-01,900000.0,885000.0,1,True,125.0,103.0,-0.12222222222222223,-0.10734463276836159,454.02298850574715
11326 14th Ave NE,98125,Seattle,North Seattle,Seattle North,1084.0,790000,2026-08-31,825000.0,800000.0,1,False,53.0,28.0,-0.042424242424242475,-0.012499999999999956,728.7822878228782
13337 25th Ave NE,98125,Seattle,North Seattle,Seattle North,320.0,410000,2026-08-27,425000.0,425000.0,0,False,69.0,35.0,-0.03529411764705881,-0.03529411764705881,1281.25
12515 25th Ave NE,98125,Seattle,North Seattle,Seattle North,1360.0,720000,2026-08-26,724950.0,724950.0,0,False,55.0,26.0,-0.006828057107386765,-0.006828057107386765,529.4117647058823
6757 38th Ave SW,98126,Seattle,West Seattle,Seattle South,2380.0,1070000,2026-09-17,900000.0,900000.0,0,False,19.0,6.0,0.18888888888888888,0.18888888888888888,449.5798319327731
7919 34th Ave SW,98126,Seattle,West Seattle,Seattle South,1630.0,875000,2026-09-17,875000.0,875000.0,0,False,35.0,4.0,0.0,0.0,536.8098159509202
,98126,Seattle,West Seattle,Seattle South,1120.0,485000,2026-09-17,550000.0,499000.0,1,False,79.0,51.0,-0.11818181818181817,-0.028056112224448926,433.0357142857143
6327 34th Ave SW,98126,Seattle,West Seattle,Seattle South,2760.0,915000,2026-09-17,929950.0,929950.0,0,False,27.0,4.0,-0.016076133125436876,-0.016076133125436876,331.5217391304348
5625 35th Ave SW,98126,Seattle,West Seattle,Seattle South,2790.0,1249000,2026-09-17,1398000.0,1298000.0,1,False,90.0,63.0,-0.10658082975679539,-0.03775038520801233,447.6702508960573
8837 34th Ave SW,98126,Seattle,West Seattle,Seattle South,2000.0,1215000,2026-09-16,1095000.0,1095000.0,0,False,48.0,6.0,0.1095890410958904,0.1095890410958904,607.5
5457 35th Ave SW,98126,Seattle,West Seattle,Seattle South,2240.0,901000,2026-09-11,985000.0,935000.0,2,False,113.0,103.0,-0.08527918781725885,-0.036363636363636376,402.23214285714283
4016 38th Ave SW,98126,Seattle,West Seattle,Seattle South,2420.0,1400000,2026-09-08,1250000.0,1250000.0,0,False,24.0,3.0,0.1200000000000001,0.1200000000000001,578.5123966942149
3058 38th Ave SW,98126,Seattle,West Seattle,Seattle South,2530.0,1300000,2026-09-02,1300000.0,1300000.0,0,False,20.0,1.0,0.0,0.0,513.8339920948616
3009 Harbor Ave SW,98126,Seattle,West Seattle,Seattle South,3090.0,1288100,2026-09-01,1650000.0,1650000.0,0,False,116.0,,-0.21933333333333338,-0.21933333333333338,416.8608414239482
2414 Belvidere Ave SW,98126,Seattle,West Seattle,Seattle South,2824.0,1450000,2026-09-01,1550000.0,1550000.0,0,False,34.0,15.0,-0.06451612903225812,-0.06451612903225812,513.456090651558
5442 30th Ave SW,98126,Seattle,West Seattle,Seattle South,1190.0,850000,2026-08-31,850000.0,850000.0,0,False,40.0,20.0,0.0,0.0,714.2857142857143
5921 32nd Ave SW,98126,Seattle,West Seattle,Seattle South,2244.0,1007000,2026-08-31,997000.0,997000.0,0,False,52.0,39.0,0.010030090270812364,0.010030090270812364,448.75222816399287
5900 34th Ave SW,98126,Seattle,West Seattle,Seattle South,1700.0,565000,2026-08-28,570000.0,570000.0,0,False,24.0,3.0,-0.00877192982456143,-0.00877192982456143,332.3529411764706
4030 38th Ave SW,98126,Seattle,West Seattle,Seattle South,1950.0,1152000,2026-08-28,1100000.0,1100000.0,0,False,29.0,5.0,0.047272727272727355,0.047272727272727355,590.7692307692307
6533 38th Ave SW,98126,Seattle,West Seattle,Seattle South,3280.0,1565000,2026-08-28,1699000.0,1625000.0,1,False,63.0,42.0,-0.07886992348440258,-0.03692307692307695,477.1341463414634
8824 32nd Ave SW,98126,Seattle,West Seattle,Seattle South,1089.0,674000,2026-08-28,689000.0,674000.0,1,False,50.0,25.0,-0.021770682148040676,0.0,618.9164370982553
2768 SW Holden St,98126,Seattle,West Seattle,Seattle South,1940.0,900000,2026-08-27,950000.0,950000.0,0,True,76.0,54.0,-0.052631578947368474,-0.052631578947368474,463.91752577319585
1314 N 188th St,98133,Shoreline,Shoreline & Lake Forest Pk,Shoreline & Edmonds,960.0,645000,2026-09-18,745000.0,675000.0,2,True,161.0,144.0,-0.13422818791946312,-0.0444444444444444,671.875
1620 N 183rd St,98133,Shoreline,Shoreline & Lake Forest Pk,Shoreline & Edmonds,3456.0,1295000,2026-09-18,1499900.0,1350000.0,2,True,112.0,102.0,-0.13660910727381825,-0.040740740740740744,374.71064814814815
18005 Fremont Ave N,98133,Shoreline,Shoreline & Lake Forest Pk,Shoreline & Edmonds,1020.0,705000,2026-09-11,729950.0,729950.0,0,False,37.0,10.0,-0.03418042331666549,-0.03418042331666549,691.1764705882352
346 N 102nd St,98133,Seattle,Shoreline & Lake Forest Pk,Shoreline & Edmonds,790.0,635000,2026-09-10,635000.0,635000.0,0,False,29.0,2.0,0.0,0.0,803.7974683544304
1318 N 184th Ct Unit 12,98133,Shoreline,Shoreline & Lake Forest Pk,Shoreline & Edmonds,945.0,420000,2026-09-10,429950.0,429950.0,0,True,83.0,50.0,-0.02314222584021397,-0.02314222584021397,444.44444444444446
201 N 101st St,98133,Seattle,Shoreline & Lake Forest Pk,Shoreline & Edmonds,1150.0,595000,2026-09-09,595000.0,595000.0,0,False,41.0,8.0,0.0,0.0,517.3913043478261
11720 Evanston Ave N,98133,Seattle,Shoreline & Lake Forest Pk,Shoreline & Edmonds,1545.0,895000,2026-09-09,995000.0,925000.0,2,True,97.0,63.0,-0.10050251256281406,-0.032432432432432434,579.2880258899677
14337 Burke Ave N,98133,Seattle,Shoreline & Lake Forest Pk,Shoreline & Edmonds,830.0,550000,2026-09-04,550000.0,550000.0,0,False,37.0,8.0,0.0,0.0,662.6506024096385
16107 Midvale Ave N,98133,Shoreline,Shoreline & Lake Forest Pk,Shoreline & Edmonds,1262.0,760000,2026-09-02,795000.0,775000.0,2,False,84.0,51.0,-0.04402515723270439,-0.01935483870967747,602.2187004754359
317 N 160th Pl,98133,Shoreline,Shoreline & Lake Forest Pk,Shoreline & Edmonds,1009.0,639950,2026-09-02,649950.0,639950.0,1,False,56.0,39.0,-0.015385798907608272,0.0,634.2418235877107
10328 Ashworth Ave N,98133,Seattle,Shoreline & Lake Forest Pk,Shoreline & Edmonds,718.0,499950,2026-08-31,499950.0,499950.0,0,True,30.0,11.0,0.0,0.0,696.309192200557
13752 Wayne Pl N,98133,Seattle,Shoreline & Lake Forest Pk,Shoreline & Edmonds,2751.0,1325000,2026-08-28,1350000.0,1350000.0,0,False,30.0,14.0,-0.01851851851851849,-0.01851851851851849,481.64303889494727
1335 N 180th St,98133,Shoreline,Shoreline & Lake Forest Pk,Shoreline & Edmonds,2760.0,895000,2026-08-28,895000.0,895000.0,0,False,36.0,4.0,0.0,0.0,324.27536231884056
1315 N 167th St,98133,Shoreline,Shoreline & Lake Forest Pk,Shoreline & Edmonds,1760.0,905000,2026-08-27,899000.0,899000.0,0,False,22.0,7.0,0.006674082313681939,0.006674082313681939,514.2045454545455
18320 Corliss Ave N,98133,Shoreline,Shoreline & Lake Forest Pk,Shoreline & Edmonds,1540.0,900000,2026-08-26,1195000.0,995000.0,3,False,105.0,69.0,-0.2468619246861925,-0.09547738693467334,584.4155844155844
211 N 160th St,98133,Shoreline,Shoreline & Lake Forest Pk,Shoreline & Edmonds,1550.0,710000,2026-08-26,649000.0,649000.0,0,False,22.0,7.0,0.09399075500770415,0.09399075500770415,458.06451612903226
11026 Evanston Ave N,98133,Seattle,Shoreline & Lake Forest Pk,Shoreline & Edmonds,1400.0,775000,2026-08-24,875000.0,875000.0,0,True,101.0,82.0,-0.11428571428571432,-0.11428571428571432,553.5714285714286
4319 SW Mills St,98136,Seattle,West Seattle,Seattle South,1720.0,525000,2026-09-18,625000.0,599950.0,1,False,155.0,130.0,-0.16000000000000003,-0.12492707725643803,305.2325581395349
3947 SW Portland St,98136,Seattle,West Seattle,Seattle South,1720.0,775000,2026-09-16,799950.0,799950.0,0,False,68.0,42.0,-0.031189449340583764,-0.031189449340583764,450.5813953488372
6516 41st Ave SW,98136,Seattle,West Seattle,Seattle South,1010.0,755000,2026-09-15,750000.0,750000.0,0,False,19.0,5.0,0.006666666666666599,0.006666666666666599,747.5247524752475
5064 Beach Dr SW,98136,Seattle,West Seattle,Seattle South,1920.0,1510000,2026-09-15,1550000.0,1550000.0,0,False,47.0,24.0,-0.02580645161290318,-0.02580645161290318,786.4583333333334
5632 42nd Ave SW,98136,Seattle,West Seattle,Seattle South,3840.0,1325000,2026-09-14,1349950.0,1299950.0,1,False,88.0,42.0,-0.01848216600614838,0.019269971921997087,345.0520833333333
4909 SW Canada Dr,98136,Seattle,West Seattle,Seattle South,989.0,725000,2026-09-10,725000.0,725000.0,0,True,84.0,62.0,0.0,0.0,733.0637007077856
4259 SW Othello St,98136,Seattle,West Seattle,Seattle South,1660.0,710000,2026-09-08,710000.0,710000.0,0,False,27.0,6.0,0.0,0.0,427.71084337349396
5025 48th Ave SW,98136,Seattle,West Seattle,Seattle South,1250.0,985000,2026-09-03,995000.0,995000.0,0,False,56.0,27.0,-0.01005025125628145,-0.01005025125628145,788.0
9823 41st Ave SW,98136,Seattle,West Seattle,Seattle South,1980.0,895000,2026-09-03,959000.0,959000.0,0,False,38.0,7.0,-0.06673618352450472,-0.06673618352450472,452.020202020202
4019 SW Henderson St,98136,Seattle,West Seattle,Seattle South,2660.0,1345000,2026-08-31,1550000.0,1449950.0,2,False,158.0,107.0,-0.13225806451612898,-0.07238180626918167,505.6390977443609
5431 49th Ave SW,98136,Seattle,West Seattle,Seattle South,2920.0,2435000,2026-08-28,2300000.0,2300000.0,0,False,21.0,4.0,0.05869565217391304,0.05869565217391304,833.9041095890411
5028 41st Ave SW,98136,Seattle,West Seattle,Seattle South,870.0,675000,2026-08-28,745000.0,695000.0,2,False,85.0,55.0,-0.09395973154362414,-0.02877697841726623,775.8620689655172
6340 40th Ave SW,98136,Seattle,West Seattle,Seattle South,2460.0,1065000,2026-08-28,1089000.0,1065000.0,1,False,36.0,20.0,-0.02203856749311295,0.0,432.9268292682927
8451 40th Ave SW,98136,Seattle,West Seattle,Seattle South,1920.0,975000,2026-08-27,1100000.0,1085000.0,1,True,153.0,137.0,-0.11363636363636365,-0.10138248847926268,507.8125
4000 SW Myrtle St,98136,Seattle,West Seattle,Seattle South,3260.0,1455000,2026-08-25,1550000.0,1455000.0,2,False,75.0,52.0,-0.06129032258064515,0.0,446.319018404908
2821 Harris Pl S,98144,Seattle,Central & SE Seattle,Seattle South,1600.0,985000,2026-09-21,985000.0,995000.0,1,True,46.0,14.0,0.0,-0.01005025125628145,615.625
2341 31st Ave S,98144,Seattle,Central & SE Seattle,Seattle South,2630.0,1328000,2026-09-21,1328000.0,1328000.0,0,False,26.0,10.0,0.0,0.0,504.94296577946767
2814 S Grand St,98144,Seattle,Central & SE Seattle,Seattle South,590.0,300000,2026-09-17,349950.0,349950.0,0,False,48.0,26.0,-0.1427346763823404,-0.1427346763823404,508.47457627118644
3240 35th Ave S,98144,Seattle,Central & SE Seattle,Seattle South,2060.0,1213000,2026-09-17,1168500.0,1168500.0,0,False,22.0,7.0,0.038083012409071415,0.038083012409071415,588.8349514563107
1754 Valentine Pl S,98144,Seattle,Central & SE Seattle,Seattle South,1650.0,799950,2026-09-10,799950.0,799950.0,0,False,36.0,7.0,0.0,0.0,484.8181818181818
3204 33rd Ave S,98144,Seattle,Central & SE Seattle,Seattle South,1065.0,720000,2026-09-10,749950.0,749950.0,0,False,92.0,71.0,-0.039935995733048846,-0.039935995733048846,676.056338028169
927 29th Ave S,98144,Seattle,Central & SE Seattle,Seattle South,1390.0,815000,2026-09-09,875000.0,825000.0,2,False,132.0,113.0,-0.06857142857142862,-0.012121212121212088,586.3309352517986
3029 21st Ave S,98144,Seattle,Central & SE Seattle,Seattle South,1080.0,695000,2026-09-09,700000.0,700000.0,0,False,33.0,13.0,-0.0071428571428571175,-0.0071428571428571175,643.5185185185185
1918 S Waite St,98144,Seattle,Central & SE Seattle,Seattle South,1400.0,800000,2026-09-08,799000.0,799000.0,0,False,28.0,7.0,0.0012515644555695093,0.0012515644555695093,571.4285714285714
2016 30th Ave S,98144,Seattle,Central & SE Seattle,Seattle South,2280.0,775000,2026-09-04,749950.0,749950.0,0,False,29.0,9.0,0.03340222681512106,0.03340222681512106,339.9122807017544
1124 Lake Washington Blvd S,98144,Seattle,Central & SE Seattle,Seattle South,3400.0,2275000,2026-09-04,2375000.0,2375000.0,0,False,74.0,36.0,-0.04210526315789476,-0.04210526315789476,669.1176470588235
2020 33rd Ave S,98144,Seattle,Central & SE Seattle,Seattle South,2750.0,1575000,2026-09-03,1525000.0,1525000.0,0,False,21.0,2.0,0.032786885245901676,0.032786885245901676,572.7272727272727
1543 31st Ave S,98144,Seattle,Central & SE Seattle,Seattle South,3000.0,1075000,2026-09-03,1475000.0,1025000.0,2,True,111.0,83.0,-0.27118644067796616,0.04878048780487809,358.3333333333333
2314 S Forest St,98144,Seattle,Central & SE Seattle,Seattle South,2000.0,1150000,2026-09-01,1099000.0,1099000.0,0,False,41.0,10.0,0.046405823475887065,0.046405823475887065,575.0
1754 S Horton St,98144,Seattle,Central & SE Seattle,Seattle South,2350.0,825000,2026-08-31,825000.0,825000.0,0,False,28.0,14.0,0.0,0.0,351.06382978723406
3305 S Hanford St,98144,Seattle,Central & SE Seattle,Seattle South,2083.0,1173900,2026-08-28,1295000.0,1198000.0,1,True,106.0,85.0,-0.09351351351351356,-0.02011686143572622,563.5621699471916
3216 20th Ave S,98144,Seattle,Central & SE Seattle,Seattle South,1940.0,705000,2026-08-26,675000.0,675000.0,0,False,26.0,11.0,0.04444444444444451,0.04444444444444451,363.4020618556701
1911 12th Ave S,98144,Seattle,Central & SE Seattle,Seattle South,1660.0,794000,2026-08-26,975000.0,819000.0,4,True,154.0,142.0,-0.1856410256410257,-0.030525030525030528,478.31325301204816
2916 18th Ave S,98144,Seattle,Central & SE Seattle,Seattle South,2620.0,775000,2026-08-25,890000.0,849000.0,1,False,78.0,68.0,-0.1292134831460674,-0.08716136631330973,295.80152671755724
11834 18th Ave SW,98146,Burien,White Center & Delridge,Seattle South,2470.0,835000,2026-09-18,849950.0,849950.0,0,False,36.0,9.0,-0.01758926995705634,-0.01758926995705634,338.05668016194335
10607 2nd Pl SW,98146,Seattle,White Center & Delridge,Seattle South,2380.0,830000,2026-09-18,765000.0,765000.0,0,False,29.0,5.0,0.08496732026143783,0.08496732026143783,348.73949579831935
12905 Standring Ln SW,98146,Burien,White Center & Delridge,Seattle South,2760.0,2250000,2026-09-18,2250000.0,2250000.0,0,False,36.0,7.0,0.0,0.0,815.2173913043479
859 SW 132nd St,98146,Burien,White Center & Delridge,Seattle South,1060.0,499950,2026-09-18,535000.0,499950.0,1,False,71.0,44.0,-0.0655140186915888,0.0,471.6509433962264
842 SW 126th St,98146,Seattle,White Center & Delridge,Seattle South,810.0,440000,2026-09-17,465000.0,465000.0,0,False,49.0,20.0,-0.053763440860215006,-0.053763440860215006,543.2098765432099
10835 35th Ave SW,98146,Seattle,White Center & Delridge,Seattle South,1678.0,869000,2026-09-16,879000.0,860000.0,1,False,61.0,34.0,-0.011376564277588153,0.010465116279069875,517.8784266984505
10611 2nd Pl SW,98146,Seattle,White Center & Delridge,Seattle South,800.0,515000,2026-09-16,565000.0,515000.0,2,True,182.0,156.0,-0.08849557522123896,0.0,643.75
1919 SW Cove Point Rd,98146,Burien,White Center & Delridge,Seattle South,3250.0,1275000,2026-09-16,1400000.0,1300000.0,2,True,118.0,96.0,-0.0892857142857143,-0.019230769230769273,392.3076923076923
11627 21st Ave SW,98146,Burien,White Center & Delridge,Seattle South,2933.0,1135000,2026-09-16,1295000.0,1175000.0,2,False,133.0,105.0,-0.12355212355212353,-0.03404255319148941,386.9757927037163
3811 SW 105th St,98146,Seattle,White Center & Delridge,Seattle South,1250.0,780000,2026-09-15,749000.0,749900.0,1,False,28.0,8.0,0.041388518024032095,0.04013868515802099,624.0
3741 SW 106th St,98146,Seattle,White Center & Delridge,Seattle South,1890.0,715000,2026-09-14,749950.0,725000.0,1,False,66.0,35.0,-0.046603106873791544,-0.01379310344827589,378.30687830687833
11213 Arroyo Beach Pl SW,98146,Seattle,White Center & Delridge,Seattle South,3170.0,3775000,2026-09-09,3899000.0,3899000.0,0,False,54.0,21.0,-0.031803026417030034,-0.031803026417030034,1190.8517350157729
12418 2nd Pl SW,98146,Burien,White Center & Delridge,Seattle South,2530.0,700000,2026-09-08,725000.0,715000.0,1,False,102.0,60.0,-0.03448275862068961,-0.020979020979020935,276.6798418972332
12153 Marine View Dr SW,98146,Burien,White Center & Delridge,Seattle South,2790.0,949000,2026-09-04,949000.0,949000.0,0,False,15.0,3.0,0.0,0.0,340.14336917562724
4432 SW 102nd St,98146,Seattle,White Center & Delridge,Seattle South,2620.0,1015000,2026-09-04,1068000.0,1018000.0,1,False,43.0,29.0,-0.04962546816479396,-0.0029469548133594925,387.40458015267177
316 SW 124th St,98146,Seattle,White Center & Delridge,Seattle South,1930.0,660000,2026-09-03,699999.0,675000.0,2,False,64.0,40.0,-0.05714151020215741,-0.022222222222222254,341.96891191709847
11808 Marine View Dr SW,98146,Burien,White Center & Delridge,Seattle South,3040.0,1620000,2026-08-31,1499000.0,1499000.0,0,False,18.0,4.0,0.0807204803202135,0.0807204803202135,532.8947368421053
1302 SW 125th Pl,98146,Burien,White Center & Delridge,Seattle South,2610.0,839950,2026-08-31,900000.0,900000.0,0,True,122.0,98.0,-0.06672222222222224,-0.06672222222222224,321.8199233716475
10233 10th Ave SW,98146,Seattle,White Center & Delridge,Seattle South,690.0,439000,2026-08-28,485000.0,439000.0,3,False,69.0,49.0,-0.09484536082474226,0.0,636.231884057971
10050 19th Ave SW,98146,Seattle,White Center & Delridge,Seattle South,1440.0,621000,2026-08-28,669950.0,625000.0,2,True,185.0,166.0,-0.0730651541159788,-0.006399999999999961,431.25
10634 32nd Ave SW,98146,Seattle,White Center & Delridge,Seattle South,1820.0,755000,2026-08-28,659500.0,659500.0,0,False,16.0,3.0,0.1448066717210008,0.1448066717210008,414.83516483516485
10753 28th Ave SW,98146,Seattle,White Center & Delridge,Seattle South,2110.0,785000,2026-08-28,795000.0,795000.0,0,True,27.0,10.0,-0.012578616352201255,-0.012578616352201255,372.0379146919431
11621 19th Ave SW,98146,Burien,White Center & Delridge,Seattle South,2014.0,850000,2026-08-28,875000.0,875000.0,0,False,36.0,19.0,-0.02857142857142858,-0.02857142857142858,422.04568023833167
612 S 188th St,98148,Burien,Burien,South King,1160.0,581000,2026-09-03,575000.0,575000.0,0,False,28.0,7.0,0.01043478260869568,0.01043478260869568,500.86206896551727
19401 8th Ave S,98148,Des Moines,Burien,South King,1780.0,583500,2026-08-28,574950.0,574950.0,0,False,57.0,10.0,0.014870858335507497,0.014870858335507497,327.80898876404495
344 S 183rd St,98148,Burien,Burien,South King,2020.0,675000,2026-08-27,650000.0,650000.0,0,False,34.0,4.0,0.03846153846153855,0.03846153846153855,334.15841584158414
16630 3rd Ave S,98148,Burien,Burien,South King,1280.0,730000,2026-08-24,724950.0,724950.0,0,False,32.0,5.0,0.006965997655010714,0.006965997655010714,570.3125
108 NE 157th St,98155,Shoreline,Shoreline & Lake Forest Pk,Shoreline & Edmonds,1260.0,371000,2026-09-18,397800.0,397800.0,0,False,28.0,13.0,-0.06737053795877324,-0.06737053795877324,294.44444444444446
1001 NE 155th St,98155,Shoreline,Shoreline & Lake Forest Pk,Shoreline & Edmonds,3160.0,1450000,2026-09-18,1399850.0,1399850.0,0,False,36.0,6.0,0.03582526699289201,0.03582526699289201,458.8607594936709
18443 Ballinger Way NE,98155,Lake Forest Park,Shoreline & Lake Forest Pk,Shoreline & Edmonds,4480.0,1325000,2026-09-18,1449000.0,1449000.0,0,True,90.0,54.0,-0.08557625948930292,-0.08557625948930292,295.75892857142856
5231 NE 193rd Pl,98155,Lake Forest Park,Shoreline & Lake Forest Pk,Shoreline & Edmonds,1984.0,875000,2026-09-18,849900.0,849900.0,0,False,35.0,6.0,0.029532886221908417,0.029532886221908417,441.0282258064516
19524 14th Ave NE,98155,Shoreline,Shoreline & Lake Forest Pk,Shoreline & Edmonds,1530.0,560000,2026-09-18,550000.0,550000.0,0,False,23.0,8.0,0.018181818181818077,0.018181818181818077,366.01307189542484
3021 NE 194th St,98155,Lake Forest Park,Shoreline & Lake Forest Pk,Shoreline & Edmonds,2816.0,875000,2026-09-14,875000.0,875000.0,0,False,39.0,6.0,0.0,0.0,310.7244318181818
712 NE 198th St,98155,Shoreline,Shoreline & Lake Forest Pk,Shoreline & Edmonds,1140.0,560000,2026-09-11,599950.0,599950.0,0,False,77.0,54.0,-0.06658888240686722,-0.06658888240686722,491.2280701754386
3205 NE 204th St,98155,Lake Forest Park,Shoreline & Lake Forest Pk,Shoreline & Edmonds,1980.0,900000,2026-09-11,925000.0,925000.0,0,False,42.0,21.0,-0.027027027027026973,-0.027027027027026973,454.54545454545456
14805 37th Ave NE,98155,Lake Forest Park,Shoreline & Lake Forest Pk,Shoreline & Edmonds,3040.0,1250000,2026-09-11,1250000.0,1250000.0,0,False,35.0,5.0,0.0,0.0,411.1842105263158
3327 NE 190th St,98155,Lake Forest Park,Shoreline & Lake Forest Pk,Shoreline & Edmonds,1900.0,802000,2026-09-11,800000.0,800000.0,0,False,45.0,8.0,0.0024999999999999467,0.0024999999999999467,422.10526315789474
15112 3rd Ave NE,98155,Shoreline,Shoreline & Lake Forest Pk,Shoreline & Edmonds,1700.0,700000,2026-09-11,650000.0,650000.0,0,False,36.0,7.0,0.07692307692307687,0.07692307692307687,411.7647058823529
19514 35th Ave NE,98155,Lake Forest Park,Shoreline & Lake Forest Pk,Shoreline & Edmonds,1760.0,785000,2026-09-11,799950.0,799950.0,0,False,64.0,42.0,-0.01868866804175262,-0.01868866804175262,446.02272727272725
17765 Beach Dr NE,98155,Lake Forest Park,Shoreline & Lake Forest Pk,Shoreline & Edmonds,5205.0,4626700,2026-09-10,5488640.0,4888000.0,3,False,188.0,164.0,-0.15704072411380599,-0.05345744680851061,888.895292987512
19505 45th Ave NE,98155,Lake Forest Park,Shoreline & Lake Forest Pk,Shoreline & Edmonds,3680.0,1100000,2026-09-10,1249000.0,1249000.0,0,False,35.0,13.0,-0.11929543634907924,-0.11929543634907924,298.9130434782609
16260 14th Ave NE,98155,Shoreline,Shoreline & Lake Forest Pk,Shoreline & Edmonds,2770.0,655000,2026-09-09,649000.0,649000.0,0,False,13.0,1.0,0.009244992295839749,0.009244992295839749,236.4620938628159
2250 NE 175th St,98155,Shoreline,Shoreline & Lake Forest Pk,Shoreline & Edmonds,2360.0,875000,2026-09-08,875000.0,875000.0,0,False,34.0,8.0,0.0,0.0,370.76271186440675
17211 3rd Ave NE,98155,Shoreline,Shoreline & Lake Forest Pk,Shoreline & Edmonds,1920.0,850000,2026-09-03,949999.0,874999.0,5,False,77.0,60.0,-0.10526221606549058,-0.02857031836607815,442.7083333333333
5512 NE 204th St,98155,Lake Forest Park,Shoreline & Lake Forest Pk,Shoreline & Edmonds,1450.0,750000,2026-09-02,788000.0,788000.0,0,False,52.0,10.0,-0.048223350253807085,-0.048223350253807085,517.2413793103449
15829 26th Ave NE,98155,Shoreline,Shoreline & Lake Forest Pk,Shoreline & Edmonds,820.0,699950,2026-09-01,699950.0,699950.0,0,False,18.0,3.0,0.0,0.0,853.5975609756098
15804 35th Ave NE,98155,Lake Forest Park,Shoreline & Lake Forest Pk,Shoreline & Edmonds,1250.0,775000,2026-08-31,900000.0,800000.0,2,False,54.0,36.0,-0.13888888888888884,-0.03125,620.0
2802 NE 185th St,98155,Lake Forest Park,Shoreline & Lake Forest Pk,Shoreline & Edmonds,1580.0,744950,2026-08-28,749950.0,749950.0,0,False,29.0,8.0,-0.006667111140742699,-0.006667111140742699,471.4873417721519
18411 40th Pl NE,98155,Lake Forest Park,Shoreline & Lake Forest Pk,Shoreline & Edmonds,4440.0,2075000,2026-08-28,2100000.0,2100000.0,0,False,28.0,3.0,-0.011904761904761862,-0.011904761904761862,467.34234234234236
2209 NE 177th St,98155,Shoreline,Shoreline & Lake Forest Pk,Shoreline & Edmonds,3110.0,1195000,2026-08-28,1350000.0,1350000.0,0,True,126.0,102.0,-0.11481481481481481,-0.11481481481481481,384.2443729903537
3500 NE 162nd St,98155,Lake Forest Park,Shoreline & Lake Forest Pk,Shoreline & Edmonds,3880.0,1225000,2026-08-25,1275000.0,1275000.0,0,False,25.0,5.0,-0.039215686274509776,-0.039215686274509776,315.7216494845361
16252 13th Ave SW,98166,Burien,Burien,South King,1650.0,699000,2026-09-15,749000.0,699000.0,2,False,49.0,18.0,-0.06675567423230977,0.0,423.6363636363636
15413 11th Ave SW,98166,Burien,Burien,South King,2600.0,1875000,2026-09-14,2199000.0,2199000.0,0,True,87.0,66.0,-0.1473396998635743,-0.1473396998635743,721.1538461538462
16461 Marine View Dr SW,98166,Burien,Burien,South King,2280.0,914950,2026-09-10,924950.0,924950.0,0,False,77.0,50.0,-0.010811395210551966,-0.010811395210551966,401.2938596491228
9 SW Three Tree Point Ln,98166,Burien,Burien,South King,4000.0,3510000,2026-09-08,3780000.0,3695000.0,1,True,158.0,134.0,-0.0714285714285714,-0.05006765899864685,877.5
604 SW 206th St,98166,Normandy Park,Burien,South King,3390.0,1425000,2026-09-04,1425000.0,1425000.0,0,False,35.0,6.0,0.0,0.0,420.353982300885
3512 SW 172nd St,98166,Burien,Burien,South King,1410.0,1292500,2026-09-03,1295000.0,1295000.0,0,False,21.0,5.0,-0.0019305019305019266,-0.0019305019305019266,916.6666666666666
18973 8th Ave SW,98166,Normandy Park,Burien,South King,2800.0,1100000,2026-09-03,1100000.0,1100000.0,0,False,28.0,4.0,0.0,0.0,392.85714285714283
15820 12th Ave SW,98166,Burien,Burien,South King,1960.0,873000,2026-09-03,885000.0,885000.0,0,False,27.0,5.0,-0.013559322033898313,-0.013559322033898313,445.40816326530614
2635 SW 151st Pl,98166,Burien,Burien,South King,1890.0,1650000,2026-09-03,1500000.0,1500000.0,0,False,14.0,1.0,0.10000000000000009,0.10000000000000009,873.015873015873
2111 SW 174th St,98166,Burien,Burien,South King,3821.0,2034000,2026-09-01,2199000.0,2199000.0,0,False,47.0,24.0,-0.07503410641200547,-0.07503410641200547,532.3213818372154
2640 SW 163rd St,98166,Burien,Burien,South King,3940.0,1600000,2026-08-31,1895000.0,1699950.0,2,False,116.0,84.0,-0.15567282321899734,-0.05879584693667461,406.0913705583756
16604 11th Ave SW,98166,Burien,Burien,South King,2040.0,690000,2026-08-28,739000.0,720000.0,1,False,78.0,54.0,-0.06630581867388363,-0.04166666666666663,338.2352941176471
2802 SW 167th Pl,98166,Burien,Burien,South King,3040.0,850000,2026-08-27,965000.0,965000.0,0,False,29.0,14.0,-0.11917098445595853,-0.11917098445595853,279.60526315789474
627 SW 185th St,98166,Normandy Park,Burien,South King,3257.0,1479850,2026-08-27,1575000.0,1575000.0,0,True,72.0,45.0,-0.06041269841269836,-0.06041269841269836,454.35984034387474
250 SW 176th Pl,98166,Normandy Park,Burien,South King,3340.0,1199000,2026-08-26,1199000.0,1199000.0,0,False,28.0,3.0,0.0,0.0,358.9820359281437
18051 Normandy Ter SW,98166,Normandy Park,Burien,South King,4760.0,4062500,2026-08-24,4850000.0,4350000.0,1,True,118.0,87.0,-0.16237113402061853,-0.06609195402298851,853.4663865546219
16632 15th Ave SW,98166,Seattle,Burien,South King,1350.0,575000,2026-08-24,550000.0,550000.0,0,False,30.0,2.0,0.045454545454545414,0.045454545454545414,425.9259259259259
4248 S 148th St,98168,Tukwila,Tukwila & SeaTac,South King,2180.0,730000,2026-09-17,750000.0,750000.0,0,False,86.0,46.0,-0.026666666666666616,-0.026666666666666616,334.86238532110093
14516 27th Pl S,98168,Seatac,Tukwila & SeaTac,South King,2390.0,795000,2026-09-17,789950.0,789950.0,0,False,44.0,22.0,0.006392809671498245,0.006392809671498245,332.63598326359835
14419 8th Ave S,98168,Burien,Tukwila & SeaTac,South King,1680.0,615000,2026-09-15,609950.0,609950.0,0,True,165.0,135.0,0.008279367161242668,0.008279367161242668,366.07142857142856
10003 15th Ave S,98168,Seattle,Tukwila & SeaTac,South King,2520.0,625000,2026-09-10,625000.0,625000.0,0,False,41.0,8.0,0.0,0.0,248.015873015873
13829 51st Ave S,98168,Tukwila,Tukwila & SeaTac,South King,2450.0,705000,2026-09-04,789900.0,738000.0,1,True,48.0,28.0,-0.10748195974173946,-0.04471544715447151,287.7551020408163
14826 42nd Ave S,98168,Tukwila,Tukwila & SeaTac,South King,3490.0,1200000,2026-09-04,1465000.0,1395999.0,3,False,149.0,134.0,-0.1808873720136519,-0.1404005303728728,343.8395415472779
842 S 143rd Pl,98168,Burien,Tukwila & SeaTac,South King,2200.0,699000,2026-08-31,690000.0,699000.0,1,True,227.0,199.0,0.01304347826086949,0.0,317.72727272727275
2914 S 135th St,98168,Tukwila,Tukwila & SeaTac,South King,3240.0,999950,2026-08-28,999950.0,999950.0,0,False,38.0,1.0,0.0,0.0,308.62654320987656
2114 S 128th St,98168,Seatac,Tukwila & SeaTac,South King,1150.0,460000,2026-08-25,485000.0,485000.0,0,False,26.0,12.0,-0.05154639175257736,-0.05154639175257736,400.0
4651 S 144th St,98168,Tukwila,Tukwila & SeaTac,South King,4643.0,1600000,2026-08-24,1824950.0,1824950.0,0,True,51.0,26.0,-0.12326365105893311,-0.12326365105893311,344.6047813913418
10440 20th Ave S,98168,Seattle,Tukwila & SeaTac,South King,840.0,385000,2026-08-24,385000.0,385000.0,0,False,17.0,1.0,0.0,0.0,458.3333333333333
10561 15th Ave NW,98177,Seattle,North Seattle,Seattle North,2870.0,1550000,2026-09-18,1550000.0,1550000.0,0,False,15.0,7.0,0.0,0.0,540.0696864111499
1410 NW 198th St,98177,Shoreline,North Seattle,Seattle North,1620.0,925000,2026-09-17,925000.0,925000.0,0,False,37.0,8.0,0.0,0.0,570.9876543209876
18241 14th Ave NW,98177,Shoreline,North Seattle,Seattle North,2080.0,2026001,2026-09-16,1850000.0,1850000.0,0,False,62.0,6.0,0.0951356756756756,0.0951356756756756,974.0389423076923
10022 11th Ave NW,98177,Seattle,North Seattle,Seattle North,2480.0,1351000,2026-09-16,1298000.0,1298000.0,0,False,33.0,4.0,0.04083204930662565,0.04083204930662565,544.758064516129
1311 NW 188th St,98177,Shoreline,North Seattle,Seattle North,2990.0,2150000,2026-09-14,2250000.0,2250000.0,0,False,58.0,27.0,-0.0444444444444444,-0.0444444444444444,719.0635451505017
900 NW 134th St,98177,Seattle,North Seattle,Seattle North,1960.0,1000000,2026-09-10,1200000.0,1200000.0,0,False,49.0,26.0,-0.16666666666666663,-0.16666666666666663,510.2040816326531
10504 12th Ave NW,98177,Seattle,North Seattle,Seattle North,2900.0,850000,2026-09-09,800000.0,800000.0,0,False,17.0,1.0,0.0625,0.0625,293.1034482758621
19529 27th Ave NW,98177,Shoreline,North Seattle,Seattle North,2313.0,2675000,2026-09-08,2775000.0,2775000.0,0,False,54.0,26.0,-0.036036036036036,-0.036036036036036,1156.506701253783
328 NW 175th St,98177,Shoreline,North Seattle,Seattle North,1870.0,895000,2026-09-08,950000.0,895000.0,1,False,69.0,47.0,-0.05789473684210522,0.0,478.6096256684492
17800 3rd Ave NW,98177,Shoreline,North Seattle,Seattle North,1720.0,824900,2026-09-08,824900.0,824900.0,0,False,32.0,3.0,0.0,0.0,479.59302325581393
10317 11th Ave NW,98177,Seattle,North Seattle,Seattle North,2000.0,1125000,2026-09-03,1125000.0,1125000.0,0,False,27.0,5.0,0.0,0.0,562.5
1542 NW 100th St,98177,Seattle,North Seattle,Seattle North,2560.0,1307000,2026-08-31,1199950.0,1199950.0,0,False,24.0,6.0,0.08921205050210435,0.08921205050210435,510.546875
2144 NW 201st St,98177,Shoreline,North Seattle,Seattle North,4480.0,2050000,2026-08-31,2650000.0,2295000.0,3,True,185.0,151.0,-0.2264150943396226,-0.10675381263616557,457.5892857142857
13230 2nd Ave NW,98177,Seattle,North Seattle,Seattle North,2020.0,1200000,2026-08-28,1075000.0,1075000.0,0,False,22.0,5.0,0.11627906976744184,0.11627906976744184,594.059405940594
1205 NW Woodbine Way,98177,Seattle,North Seattle,Seattle North,2920.0,1235000,2026-08-28,1225000.0,1225000.0,0,False,63.0,33.0,0.008163265306122547,0.008163265306122547,422.94520547945206
322 NW 200th St,98177,Shoreline,North Seattle,Seattle North,2380.0,1001000,2026-08-24,975000.0,975000.0,0,False,32.0,5.0,0.026666666666666616,0.026666666666666616,420.5882352941176
7005 S 128th St,98178,Seattle,Central & SE Seattle,Seattle South,1580.0,715000,2026-09-21,715000.0,715000.0,0,False,39.0,7.0,0.0,0.0,452.53164556962025
10606 68th Pl S,98178,Seattle,Central & SE Seattle,Seattle South,2720.0,750000,2026-09-21,899999.0,799999.0,1,False,116.0,89.0,-0.16666574073971197,-0.06249882812353513,275.7352941176471
6815 S 120th Pl,98178,Seattle,Central & SE Seattle,Seattle South,1680.0,565000,2026-09-18,615000.0,575000.0,2,False,93.0,57.0,-0.08130081300813008,-0.017391304347826098,336.3095238095238
13042 75th Pl S,98178,Seattle,Central & SE Seattle,Seattle South,3240.0,1149900,2026-09-17,1149900.0,1149900.0,0,False,178.0,65.0,0.0,0.0,354.9074074074074
13039 56th Ave S,98178,Tukwila,Central & SE Seattle,Seattle South,1200.0,550000,2026-09-14,625000.0,550000.0,3,True,114.0,82.0,-0.12,0.0,458.3333333333333
8626 S 134th St,98178,Seattle,Central & SE Seattle,Seattle South,2960.0,685000,2026-09-10,835000.0,835000.0,0,True,119.0,94.0,-0.17964071856287422,-0.17964071856287422,231.4189189189189
5163 S Augusta St,98178,Seattle,Central & SE Seattle,Seattle South,1880.0,610000,2026-09-09,638000.0,610000.0,1,False,75.0,59.0,-0.043887147335423204,0.0,324.468085106383
13021 75th Pl S,98178,Seattle,Central & SE Seattle,Seattle South,3007.0,1019900,2026-09-08,1019900.0,1019900.0,0,False,194.0,12.0,0.0,0.0,339.17525773195877
7056 S 128th St,98178,Seattle,Central & SE Seattle,Seattle South,900.0,509999,2026-09-04,525000.0,509999.0,2,False,56.0,38.0,-0.02857333333333334,0.0,566.6655555555556
4602 S 122nd St Unit A,98178,Tukwila,Central & SE Seattle,Seattle South,2090.0,435000,2026-09-04,499900.0,474900.0,6,False,118.0,107.0,-0.12982596519303857,-0.08401768793430198,208.13397129186603
11020 Rainier Ave S,98178,Seattle,Central & SE Seattle,Seattle South,2240.0,2144500,2026-09-04,2149500.0,2149500.0,0,False,49.0,5.0,-0.0023261223540358422,-0.0023261223540358422,957.3660714285714
7426 S 114th St,98178,Seattle,Central & SE Seattle,Seattle South,2570.0,1075000,2026-08-31,1249000.0,1100000.0,2,False,101.0,71.0,-0.13931144915932747,-0.022727272727272707,418.28793774319064
13045 75th Pl S,98178,Seattle,Central & SE Seattle,Seattle South,3240.0,1129900,2026-08-31,1099900.0,1129900.0,1,True,178.0,88.0,0.027275206836985255,0.0,348.7345679012346
13036 75th Pl S,98178,Seattle,Central & SE Seattle,Seattle South,2588.0,1059900,2026-08-28,1059900.0,1059900.0,0,False,72.0,43.0,0.0,0.0,409.54404945904173
7528 S Laurel St,98178,Seattle,Central & SE Seattle,Seattle South,2400.0,919000,2026-08-27,990000.0,968500.0,1,True,86.0,68.0,-0.07171717171717173,-0.05110996386164168,382.9166666666667
12542 50th Pl S,98178,Tukwila,Central & SE Seattle,Seattle South,720.0,455000,2026-08-26,549000.0,469900.0,5,True,229.0,202.0,-0.17122040072859745,-0.03170887422855928,631.9444444444445
10778 68th Ave S,98178,Seattle,Central & SE Seattle,Seattle South,1740.0,762500,2026-08-26,725000.0,725000.0,0,False,40.0,1.0,0.051724137931034475,0.051724137931034475,438.2183908045977
12238 76th Ave S,98178,Seattle,Central & SE Seattle,Seattle South,790.0,465000,2026-08-26,525000.0,510000.0,2,False,100.0,72.0,-0.11428571428571432,-0.08823529411764708,588.6075949367089
17930 Military Rd S,98188,Seatac,Tukwila & SeaTac,South King,1950.0,599950,2026-09-18,659995.0,599950.0,4,False,170.0,,-0.09097796195425722,0.0,307.6666666666667
4040 S 168th St,98188,Seatac,Tukwila & SeaTac,South King,1200.0,713000,2026-09-17,695000.0,695000.0,0,False,27.0,7.0,0.025899280575539585,0.025899280575539585,594.1666666666666
3757 S 194th St,98188,Seatac,Tukwila & SeaTac,South King,4320.0,1800000,2026-09-16,1800000.0,1800000.0,0,False,26.0,12.0,0.0,0.0,416.6666666666667
4736 S 164th St,98188,Tukwila,Tukwila & SeaTac,South King,1480.0,720000,2026-09-15,752999.0,732000.0,1,False,137.0,108.0,-0.04382343137241884,-0.016393442622950838,486.4864864864865
16808 33rd Ave S,98188,Seatac,Tukwila & SeaTac,South King,1660.0,600000,2026-09-11,649950.0,649950.0,0,False,29.0,14.0,-0.07685206554350332,-0.07685206554350332,361.4457831325301
4860 S 175th St,98188,Seatac,Tukwila & SeaTac,South King,1450.0,540000,2026-09-04,540000.0,540000.0,0,False,50.0,28.0,0.0,0.0,372.41379310344826
16640 40th Ave S,98188,Seatac,Tukwila & SeaTac,South King,1390.0,695500,2026-08-27,695500.0,695500.0,0,False,48.0,19.0,0.0,0.0,500.35971223021585
4319 S 177th St,98188,Seatac,Tukwila & SeaTac,South King,3230.0,849950,2026-08-24,849950.0,849950.0,0,False,64.0,2.0,0.0,0.0,263.14241486068113
28017 13th Ave S,98198,Des Moines,Des Moines,South King,3410.0,745000,2026-09-21,850000.0,850000.0,0,True,152.0,120.0,-0.12352941176470589,-0.12352941176470589,218.47507331378299
1835 S 251st Pl,98198,Des Moines,Des Moines,South King,2470.0,760000,2026-09-21,775000.0,775000.0,0,False,38.0,14.0,-0.01935483870967747,-0.01935483870967747,307.6923076923077
1636 S 260th St,98198,Des Moines,Des Moines,South King,2220.0,869950,2026-09-15,869950.0,869950.0,0,False,66.0,28.0,0.0,0.0,391.8693693693694
917 S 222nd St,98198,Des Moines,Des Moines,South King,2470.0,810000,2026-09-14,784999.0,784999.0,0,False,39.0,6.0,0.03184844821458377,0.03184844821458377,327.93522267206475
21216 Des Moines Memorial Dr,98198,Des Moines,Des Moines,South King,1740.0,610000,2026-09-14,625000.0,609900.0,1,False,101.0,77.0,-0.02400000000000002,0.00016396130513207652,350.57471264367814
27009 10th Ave S,98198,Des Moines,Des Moines,South King,2540.0,1050000,2026-09-11,1100000.0,1100000.0,0,False,56.0,33.0,-0.045454545454545414,-0.045454545454545414,413.38582677165357
22217 Military Rd S,98198,Seatac,Des Moines,South King,1699.0,750000,2026-09-11,750000.0,750000.0,0,False,36.0,5.0,0.0,0.0,441.43613890523835
25033 20th Ave S,98198,Des Moines,Des Moines,South King,1590.0,495000,2026-09-08,495000.0,495000.0,0,False,55.0,16.0,0.0,0.0,311.3207547169811
3039 S 200th St,98198,Seatac,Des Moines,South King,1370.0,470000,2026-09-03,510000.0,499995.0,1,False,50.0,15.0,-0.07843137254901966,-0.05999059990599909,343.06569343065695
24913 11th Ave S,98198,Des Moines,Des Moines,South King,1160.0,475000,2026-09-02,475000.0,475000.0,0,False,26.0,5.0,0.0,0.0,409.48275862068965
23031 19th Ave S,98198,Des Moines,Des Moines,South King,2210.0,545000,2026-08-28,539950.0,539950.0,0,False,37.0,7.0,0.00935271784424474,0.00935271784424474,246.60633484162895
20604 4th Ave S,98198,Des Moines,Des Moines,South King,3350.0,740000,2026-08-27,850000.0,780000.0,2,False,169.0,149.0,-0.12941176470588234,-0.05128205128205132,220.8955223880597
20123 4th Ave S,98198,Des Moines,Des Moines,South King,1600.0,587500,2026-08-27,599950.0,589950.0,1,False,74.0,46.0,-0.020751729310775846,-0.004152894313077415,367.1875
21008 7th Ave S,98198,Des Moines,Des Moines,South King,4585.0,1400000,2026-08-26,1425000.0,1425000.0,0,False,55.0,25.0,-0.01754385964912286,-0.01754385964912286,305.3435114503817
26516 8th Ave S,98198,Des Moines,Des Moines,South King,2280.0,520000,2026-08-25,500000.0,500000.0,0,False,26.0,6.0,0.040000000000000036,0.040000000000000036,228.0701754385965
2564 27th Ave W,98199,Seattle,Queen Anne & Magnolia,Seattle North,4330.0,3270000,2026-09-21,3250000.0,3250000.0,0,False,27.0,7.0,0.006153846153846176,0.006153846153846176,755.1963048498845
3642 37th Ave W,98199,Seattle,Queen Anne & Magnolia,Seattle North,3070.0,1425000,2026-09-18,1585000.0,1499950.0,1,False,57.0,41.0,-0.10094637223974767,-0.049968332277742555,464.16938110749186
3657 W Viewmont Way W,98199,Seattle,Queen Anne & Magnolia,Seattle North,3440.0,2000000,2026-09-14,2135000.0,2135000.0,0,True,67.0,45.0,-0.06323185011709598,-0.06323185011709598,581.3953488372093
2667 44th Ave W,98199,Seattle,Queen Anne & Magnolia,Seattle North,3280.0,2700000,2026-09-09,2700000.0,2700000.0,0,False,27.0,7.0,0.0,0.0,823.170731707317
4003 W Armour St,98199,Seattle,Queen Anne & Magnolia,Seattle North,3060.0,2215000,2026-09-04,2195000.0,2195000.0,0,False,22.0,1.0,0.009111617312072884,0.009111617312072884,723.8562091503268
3033 27th Ave W,98199,Seattle,Queen Anne & Magnolia,Seattle North,3000.0,2400000,2026-09-03,2450000.0,2450000.0,0,False,77.0,45.0,-0.020408163265306145,-0.020408163265306145,800.0
3124 W Raye St,98199,Seattle,Queen Anne & Magnolia,Seattle North,1754.0,1244000,2026-09-02,1349000.0,1299000.0,1,False,69.0,54.0,-0.07783543365455892,-0.04234026173979988,709.236031927024
2524 30th Ave W,98199,Seattle,Queen Anne & Magnolia,Seattle North,3700.0,2900000,2026-08-31,2750000.0,2750000.0,0,False,25.0,5.0,0.05454545454545445,0.05454545454545445,783.7837837837837
3241 32nd Ave W,98199,Seattle,Queen Anne & Magnolia,Seattle North,3080.0,2050000,2026-08-31,1895000.0,1895000.0,0,False,24.0,2.0,0.08179419525065956,0.08179419525065956,665.5844155844156
3444 34th Ave W,98199,Seattle,Queen Anne & Magnolia,Seattle North,1780.0,815000,2026-08-27,849000.0,829000.0,1,False,105.0,70.0,-0.0400471142520612,-0.016887816646562137,457.86516853932585
3647 33rd Ave W,98199,Seattle,Queen Anne & Magnolia,Seattle North,3400.0,2250000,2026-08-27,2225000.0,2225000.0,0,False,29.0,6.0,0.011235955056179803,0.011235955056179803,661.7647058823529
3235 W Viewmont Way W,98199,Seattle,Queen Anne & Magnolia,Seattle North,1760.0,1417500,2026-08-26,1375000.0,1375000.0,0,False,21.0,7.0,0.030909090909090997,0.030909090909090997,805.3977272727273
3006 124th Pl SW,98204,Everett,Mukilteo & S Everett,Lynnwood & Mukilteo,2353.0,790000,2026-09-09,829000.0,805000.0,1,False,48.0,21.0,-0.04704463208685161,-0.018633540372670843,335.7416064598385
2926 94th St SE,98208,Everett,Mukilteo & S Everett,Lynnwood & Mukilteo,1810.0,895000,2026-09-18,895000.0,895000.0,0,False,29.0,4.0,0.0,0.0,494.47513812154693
3202 102nd Pl SE,98208,Everett,Mukilteo & S Everett,Lynnwood & Mukilteo,2459.0,995000,2026-09-18,995000.0,995000.0,0,False,31.0,8.0,0.0,0.0,404.6360309068727
8527 9th Ave SE,98208,Everett,Mukilteo & S Everett,Lynnwood & Mukilteo,1848.0,675000,2026-09-18,675000.0,675000.0,0,False,59.0,31.0,0.0,0.0,365.2597402597403
5106 149th St SE,98208,Everett,Mukilteo & S Everett,Lynnwood & Mukilteo,1513.0,751000,2026-09-18,824950.0,749950.0,2,False,63.0,36.0,-0.08964179647251347,0.00140009333955593,496.3648380700595
8731 Shadow Wood Dr,98208,Everett,Mukilteo & S Everett,Lynnwood & Mukilteo,2062.0,725000,2026-09-18,719000.0,719000.0,0,False,36.0,6.0,0.008344923504867818,0.008344923504867818,351.60038797284193
9113 Baring Way,98208,Everett,Mukilteo & S Everett,Lynnwood & Mukilteo,2050.0,685000,2026-09-16,675000.0,675000.0,0,False,27.0,5.0,0.014814814814814836,0.014814814814814836,334.1463414634146
102 137th St SW,98208,Everett,Mukilteo & S Everett,Lynnwood & Mukilteo,936.0,650000,2026-09-14,670000.0,650000.0,1,False,112.0,80.0,-0.02985074626865669,0.0,694.4444444444445
12731 25th Ave SE,98208,Everett,Mukilteo & S Everett,Lynnwood & Mukilteo,2200.0,875000,2026-09-11,699000.0,699000.0,0,False,15.0,2.0,0.251788268955651,0.251788268955651,397.72727272727275
12531 48th Dr SE,98208,Everett,Mukilteo & S Everett,Lynnwood & Mukilteo,1288.0,650000,2026-09-11,699950.0,674950.0,1,False,120.0,39.0,-0.07136224016001147,-0.03696570116304909,504.6583850931677
5826 143rd St SE,98208,Everett,Mukilteo & S Everett,Lynnwood & Mukilteo,2004.0,775000,2026-09-11,775000.0,775000.0,0,False,36.0,7.0,0.0,0.0,386.72654690618765
5006 122nd St SE,98208,Everett,Mukilteo & S Everett,Lynnwood & Mukilteo,922.0,650000,2026-09-10,690000.0,650000.0,4,False,98.0,71.0,-0.05797101449275366,0.0,704.9891540130152
2009 98th St SE,98208,Everett,Mukilteo & S Everett,Lynnwood & Mukilteo,2143.0,610000,2026-09-08,599900.0,599900.0,0,True,33.0,6.0,0.016836139356559476,0.016836139356559476,284.64769015398974
804 94th St SE,98208,Everett,Mukilteo & S Everett,Lynnwood & Mukilteo,1536.0,540000,2026-09-08,539950.0,539950.0,0,False,54.0,1.0,9.260116677478614e-05,9.260116677478614e-05,351.5625
12720 12th Ave SE,98208,Everett,Mukilteo & S Everett,Lynnwood & Mukilteo,2114.0,789950,2026-09-04,789950.0,789950.0,0,False,35.0,7.0,0.0,0.0,373.6754966887417
2223 124th St SE,98208,Everett,Mukilteo & S Everett,Lynnwood & Mukilteo,2337.0,1069000,2026-09-04,1162000.0,1089000.0,1,True,280.0,223.0,-0.08003442340791733,-0.018365472910927494,457.4240479246898
9207 Meadow Way,98208,Everett,Mukilteo & S Everett,Lynnwood & Mukilteo,1456.0,560000,2026-09-04,599000.0,599000.0,0,False,50.0,17.0,-0.06510851419031716,-0.06510851419031716,384.61538461538464
4916 123rd St SE,98208,Everett,Mukilteo & S Everett,Lynnwood & Mukilteo,2278.0,875000,2026-09-03,875000.0,875000.0,0,False,21.0,3.0,0.0,0.0,384.10886742756804
2818 111th Pl SE,98208,Everett,Mukilteo & S Everett,Lynnwood & Mukilteo,1680.0,699000,2026-09-03,735000.0,699000.0,2,False,56.0,33.0,-0.048979591836734726,0.0,416.07142857142856
11028 23rd Dr SE,98208,Everett,Mukilteo & S Everett,Lynnwood & Mukilteo,1656.0,675000,2026-09-03,698000.0,686000.0,1,False,84.0,50.0,-0.03295128939828085,-0.01603498542274051,407.60869565217394
14022 Meridian Ave S,98208,Everett,Mukilteo & S Everett,Lynnwood & Mukilteo,3133.0,1350000,2026-09-02,1575000.0,1575000.0,0,True,91.0,62.0,-0.1428571428571429,-0.1428571428571429,430.8969039259496
20 113th St SE,98208,Everett,Mukilteo & S Everett,Lynnwood & Mukilteo,1892.0,710000,2026-08-31,699950.0,699950.0,0,False,39.0,7.0,0.014358168440602892,0.014358168440602892,375.26427061310784
12425 9th Dr SE,98208,Everett,Mukilteo & S Everett,Lynnwood & Mukilteo,1548.0,715000,2026-08-31,750000.0,750000.0,0,True,88.0,69.0,-0.046666666666666634,-0.046666666666666634,461.88630490956075
9816 21st Dr SE Unit 39,98208,Everett,Mukilteo & S Everett,Lynnwood & Mukilteo,2143.0,621000,2026-08-31,678000.0,617000.0,3,True,122.0,53.0,-0.08407079646017701,0.006482982171799101,289.78068128791415
10901 29th Dr SE,98208,Everett,Mukilteo & S Everett,Lynnwood & Mukilteo,1620.0,695995,2026-08-28,695995.0,695995.0,0,False,37.0,5.0,0.0,0.0,429.62654320987656
2208 101st St SE,98208,Everett,Mukilteo & S Everett,Lynnwood & Mukilteo,2651.0,885000,2026-08-27,949950.0,885000.0,3,False,98.0,74.0,-0.06837201957997785,0.0,333.8362881931347
632 95th Ct SE,98208,Everett,Mukilteo & S Everett,Lynnwood & Mukilteo,1866.0,545000,2026-08-27,585000.0,565000.0,1,False,69.0,38.0,-0.06837606837606836,-0.03539823008849563,292.0685959271168
12012 31st Dr SE,98208,Everett,Mukilteo & S Everett,Lynnwood & Mukilteo,1677.0,646000,2026-08-26,650000.0,650000.0,0,False,28.0,4.0,-0.006153846153846176,-0.006153846153846176,385.2116875372689
10816 10th Dr SE,98208,Everett,Mukilteo & S Everett,Lynnwood & Mukilteo,1050.0,545000,2026-08-26,545000.0,545000.0,0,False,34.0,4.0,0.0,0.0,519.047619047619
1216 118th Pl SE,98208,Everett,Mukilteo & S Everett,Lynnwood & Mukilteo,1718.0,765000,2026-08-25,749000.0,749000.0,0,False,39.0,6.0,0.021361815754339153,0.021361815754339153,445.2852153667055
12028 31st Dr SE,98208,Everett,Mukilteo & S Everett,Lynnwood & Mukilteo,2500.0,835000,2026-08-24,995000.0,850000.0,4,True,136.0,118.0,-0.16080402010050254,-0.01764705882352946,334.0
10908 24th Dr SE,98208,Everett,Mukilteo & S Everett,Lynnwood & Mukilteo,1737.0,850000,2026-08-24,824950.0,824950.0,0,False,39.0,6.0,0.030365476695557225,0.030365476695557225,489.349453080023
15553 Heintz Ave SE,98272,Monroe,Monroe & Snohomish,Monroe & Snohomish,1768.0,615000,2026-09-11,650000.0,650000.0,0,False,45.0,30.0,-0.05384615384615388,-0.05384615384615388,347.85067873303166
17272 158th St SE,98272,Monroe,Monroe & Snohomish,Monroe & Snohomish,1785.0,695000,2026-09-10,720000.0,720000.0,0,False,55.0,25.0,-0.03472222222222221,-0.03472222222222221,389.3557422969188
10914 Hand Rd,98272,Monroe,Monroe & Snohomish,Monroe & Snohomish,2949.0,1100000,2026-09-08,1125000.0,1125000.0,0,False,54.0,23.0,-0.022222222222222254,-0.022222222222222254,373.0077992539844
13924 266th Ave SE,98272,Monroe,Monroe & Snohomish,Monroe & Snohomish,2654.0,1060000,2026-09-04,1199950.0,1199950.0,0,True,92.0,67.0,-0.1166298595774824,-0.1166298595774824,399.39713639789
13253 204th Ave SE,98272,Monroe,Monroe & Snohomish,Monroe & Snohomish,2125.0,799950,2026-09-02,799950.0,799950.0,0,False,55.0,20.0,0.0,0.0,376.4470588235294
23306 108th St SE,98272,Monroe,Monroe & Snohomish,Monroe & Snohomish,5280.0,1480000,2026-09-02,1599900.0,1550000.0,1,False,146.0,110.0,-0.07494218388649287,-0.04516129032258065,280.3030303030303
18086 W Columbia St,98272,Monroe,Monroe & Snohomish,Monroe & Snohomish,1619.0,665000,2026-08-31,649995.0,649995.0,0,False,39.0,8.0,0.02308479295994581,0.02308479295994581,410.74737492279183
13348 186th Ave SE,98272,Monroe,Monroe & Snohomish,Monroe & Snohomish,3087.0,860000,2026-08-27,949000.0,865000.0,4,False,189.0,169.0,-0.09378292939936772,-0.005780346820809301,278.58762552640104
19819 229th Pl SE,98272,Monroe,Monroe & Snohomish,Monroe & Snohomish,6300.0,2700000,2026-08-25,2564999.0,2564999.0,0,False,55.0,23.0,0.052631989330210294,0.052631989330210294,428.57142857142856
20916 Brown Rd,98272,Monroe,Monroe & Snohomish,Monroe & Snohomish,1064.0,800000,2026-08-25,825000.0,800000.0,1,False,75.0,60.0,-0.030303030303030276,0.0,751.8796992481203
5301 91st Way,98275,Mukilteo,Mukilteo & S Everett,Lynnwood & Mukilteo,3375.0,1450000,2026-09-18,1554995.0,1554995.0,0,True,96.0,25.0,-0.06752111743124578,-0.06752111743124578,429.6296296296296
8421 Naketa Ln,98275,Mukilteo,Mukilteo & S Everett,Lynnwood & Mukilteo,4505.0,2070000,2026-09-18,2175000.0,2175000.0,0,False,50.0,22.0,-0.0482758620689655,-0.0482758620689655,459.4894561598224
10128 63rd Pl W,98275,Mukilteo,Mukilteo & S Everett,Lynnwood & Mukilteo,1739.0,767500,2026-09-17,799000.0,775000.0,1,False,63.0,37.0,-0.0394242803504381,-0.009677419354838679,441.345600920069
7087 45th Ave W,98275,Mukilteo,Mukilteo & S Everett,Lynnwood & Mukilteo,1712.0,950000,2026-09-17,999999.0,949999.0,1,False,49.0,35.0,-0.04999904999905003,1.0526326870152758e-06,554.9065420560747
10518 62nd Pl W,98275,Mukilteo,Mukilteo & S Everett,Lynnwood & Mukilteo,2013.0,745000,2026-09-17,759000.0,759000.0,0,False,55.0,22.0,-0.01844532279314892,-0.01844532279314892,370.0943864878291
9219 60th Ave W,98275,Mukilteo,Mukilteo & S Everett,Lynnwood & Mukilteo,3000.0,1495000,2026-09-11,1665000.0,1595000.0,1,True,156.0,142.0,-0.10210210210210213,-0.06269592476489028,498.3333333333333
5317 101st St SW,98275,Mukilteo,Mukilteo & S Everett,Lynnwood & Mukilteo,1867.0,900000,2026-09-10,925000.0,925000.0,0,False,35.0,12.0,-0.027027027027026973,-0.027027027027026973,482.05677557579
5605 101st St SW,98275,Mukilteo,Mukilteo & S Everett,Lynnwood & Mukilteo,2024.0,925000,2026-09-09,950000.0,950000.0,0,False,49.0,17.0,-0.02631578947368418,-0.02631578947368418,457.0158102766798
4784 Bridgeport Pl,98275,Mukilteo,Mukilteo & S Everett,Lynnwood & Mukilteo,2144.0,975000,2026-09-08,995950.0,979950.0,2,False,96.0,78.0,-0.021035192529745506,-0.0050512781264350215,454.7574626865672
1113 Goat Trail Rd,98275,Mukilteo,Mukilteo & S Everett,Lynnwood & Mukilteo,1824.0,1055000,2026-09-02,1120000.0,1120000.0,0,True,84.0,57.0,-0.0580357142857143,-0.0580357142857143,578.3991228070175
5018 97th Pl SW,98275,Mukilteo,Mukilteo & S Everett,Lynnwood & Mukilteo,1886.0,815000,2026-09-02,815000.0,815000.0,0,False,34.0,11.0,0.0,0.0,432.13149522799574
,98275,Mukilteo,Mukilteo & S Everett,Lynnwood & Mukilteo,5218.0,3680000,2026-09-01,3880000.0,3880000.0,0,False,96.0,61.0,-0.05154639175257736,-0.05154639175257736,705.2510540436949
5206 125th Pl SW,98275,Mukilteo,Mukilteo & S Everett,Lynnwood & Mukilteo,2055.0,885000,2026-08-31,925000.0,925000.0,0,False,61.0,25.0,-0.043243243243243246,-0.043243243243243246,430.6569343065693
10413 66th Pl W,98275,Mukilteo,Mukilteo & S Everett,Lynnwood & Mukilteo,3027.0,1640000,2026-08-28,1888000.0,1675000.0,3,False,148.0,130.0,-0.1313559322033898,-0.020895522388059695,541.7905517013545
5001 70th Pl SW,98275,Mukilteo,Mukilteo & S Everett,Lynnwood & Mukilteo,3461.0,1325000,2026-08-28,1375000.0,1375000.0,0,False,92.0,46.0,-0.036363636363636376,-0.036363636363636376,382.83733025137246
1229 Crownmill Ave,98275,Mukilteo,Mukilteo & S Everett,Lynnwood & Mukilteo,4161.0,1550000,2026-08-28,1695000.0,1595000.0,1,False,72.0,51.0,-0.08554572271386429,-0.028213166144200663,372.506608988224
4890 Deerfield Pl,98275,Mukilteo,Mukilteo & S Everett,Lynnwood & Mukilteo,1336.0,530000,2026-08-26,569000.0,560000.0,1,False,69.0,57.0,-0.06854130052724072,-0.0535714285714286,396.7065868263473
5614 66th Pl SE,98290,Snohomish,Monroe & Snohomish,Monroe & Snohomish,1826.0,807500,2026-09-18,849950.0,819950.0,1,True,63.0,27.0,-0.04994411435966817,-0.01518385267394351,442.223439211391
1615 Russell Rd,98290,Snohomish,Monroe & Snohomish,Monroe & Snohomish,2040.0,935000,2026-09-15,965000.0,935000.0,1,False,61.0,34.0,-0.031088082901554404,0.0,458.3333333333333
1319 Maple Ave,98290,Snohomish,Monroe & Snohomish,Monroe & Snohomish,1092.0,550000,2026-09-14,575000.0,540000.0,2,False,95.0,62.0,-0.04347826086956519,0.0185185185185186,503.6630036630037
5126 91st Ave SE,98290,Snohomish,Monroe & Snohomish,Monroe & Snohomish,3254.0,600000,2026-09-14,650000.0,650000.0,0,False,18.0,6.0,-0.07692307692307687,-0.07692307692307687,184.38844499078058
931 Vanjan St,98290,Snohomish,Monroe & Snohomish,Monroe & Snohomish,2048.0,735000,2026-09-11,819000.0,725000.0,5,False,106.0,84.0,-0.10256410256410253,0.01379310344827589,358.88671875
19010 114th Pl SE,98290,Snohomish,Monroe & Snohomish,Monroe & Snohomish,2100.0,893000,2026-09-10,899995.0,899995.0,0,False,118.0,77.0,-0.007772265401474465,-0.007772265401474465,425.23809523809524
801 Root Ave,98290,Snohomish,Monroe & Snohomish,Monroe & Snohomish,989.0,515000,2026-09-08,565000.0,535000.0,3,True,88.0,77.0,-0.08849557522123896,-0.03738317757009346,520.7280080889788
3504 161st Ave NE,98290,Snohomish,Monroe & Snohomish,Monroe & Snohomish,4920.0,1900000,2026-09-08,1850000.0,1850000.0,0,False,75.0,52.0,0.027027027027026973,0.027027027027026973,386.1788617886179
12910 175th Ave SE,98290,Snohomish,Monroe & Snohomish,Monroe & Snohomish,3030.0,895000,2026-09-04,959000.0,925000.0,1,False,65.0,45.0,-0.06673618352450472,-0.032432432432432434,295.37953795379536
3420 205th Dr SE,98290,Snohomish,Monroe & Snohomish,Monroe & Snohomish,2520.0,1050000,2026-09-04,985000.0,985000.0,0,False,35.0,4.0,0.06598984771573613,0.06598984771573613,416.6666666666667
7609 137th Ave SE,98290,Snohomish,Monroe & Snohomish,Monroe & Snohomish,1970.0,868400,2026-09-04,915000.0,899500.0,1,False,78.0,69.0,-0.05092896174863393,-0.03457476375764312,440.81218274111677
12131 181st Dr SE,98290,Snohomish,Monroe & Snohomish,Monroe & Snohomish,2650.0,889000,2026-09-03,899000.0,899000.0,0,False,56.0,15.0,-0.011123470522803158,-0.011123470522803158,335.47169811320754
2225 Tucker Dr,98290,Snohomish,Monroe & Snohomish,Monroe & Snohomish,2247.0,835000,2026-09-02,835000.0,835000.0,0,False,34.0,4.0,0.0,0.0,371.6065865598576
5614 E Lake Bosworth Dr,98290,Snohomish,Monroe & Snohomish,Monroe & Snohomish,5221.0,1495000,2026-08-31,1640000.0,1495000.0,1,False,182.0,149.0,-0.08841463414634143,0.0,286.3436123348018
6001 Riverview Rd,98290,Snohomish,Monroe & Snohomish,Monroe & Snohomish,1911.0,1100000,2026-08-31,1395000.0,1250000.0,6,False,109.0,77.0,-0.2114695340501792,-0.12,575.6148613291471
2018 7th Pl,98290,Snohomish,Monroe & Snohomish,Monroe & Snohomish,2732.0,974950,2026-08-28,974950.0,974950.0,0,False,106.0,60.0,0.0,0.0,356.86310395314786
5016 Weber Rd,98290,Snohomish,Monroe & Snohomish,Monroe & Snohomish,1728.0,825000,2026-08-28,1100000.0,850000.0,9,True,393.0,359.0,-0.25,-0.02941176470588236,477.43055555555554
9622 185th Dr SE,98290,Snohomish,Monroe & Snohomish,Monroe & Snohomish,2581.0,960000,2026-08-28,960000.0,960000.0,0,False,22.0,2.0,0.0,0.0,371.94885703215806
16716 24th St SE,98290,Snohomish,Monroe & Snohomish,Monroe & Snohomish,2414.0,1060000,2026-08-28,1149950.0,1099950.0,1,True,101.0,77.0,-0.07822079220835687,-0.0363198327196691,439.10521955260975
718 Glen Ave,98290,Snohomish,Monroe & Snohomish,Monroe & Snohomish,2096.0,735000,2026-08-27,799000.0,749950.0,4,False,106.0,76.0,-0.0801001251564456,-0.01993466231082075,350.6679389312977
1816 177th Ave NE,98290,Snohomish,Monroe & Snohomish,Monroe & Snohomish,3379.0,1195000,2026-08-27,1249000.0,1209900.0,2,False,64.0,39.0,-0.043234587670136104,-0.012315067360938903,353.65492749334123
8515 147th Ave SE,98290,Snohomish,Monroe & Snohomish,Monroe & Snohomish,3264.0,1295000,2026-08-27,1295000.0,1295000.0,0,False,41.0,18.0,0.0,0.0,396.75245098039215
123 Avenue E Unit A,98290,Snohomish,Monroe & Snohomish,Monroe & Snohomish,1517.0,729950,2026-08-25,699950.0,699950.0,0,True,84.0,54.0,0.042860204300307236,0.042860204300307236,481.17996044825315
9103 74th St SE,98290,Snohomish,Monroe & Snohomish,Monroe & Snohomish,1428.0,785000,2026-08-25,777000.0,777000.0,0,False,61.0,7.0,0.01029601029601035,0.01029601029601035,549.7198879551821
1026 Alger Pl,98290,Snohomish,Monroe & Snohomish,Monroe & Snohomish,2040.0,790000,2026-08-25,840000.0,820000.0,1,False,68.0,50.0,-0.059523809523809534,-0.03658536585365857,387.2549019607843
17308 58th St SE,98290,Snohomish,Monroe & Snohomish,Monroe & Snohomish,2450.0,865000,2026-08-24,950000.0,875000.0,3,False,109.0,81.0,-0.08947368421052626,-0.011428571428571455,353.0612244897959
10317 208th Ave SE,98290,Snohomish,Monroe & Snohomish,Monroe & Snohomish,3236.0,948000,2026-08-24,1019000.0,955000.0,2,False,122.0,115.0,-0.06967615309126596,-0.007329842931937169,292.95426452410385
13224 81st Ave SE,98296,Snohomish,Bothell & Mill Creek,Bothell & Woodinville,3160.0,1139900,2026-09-21,1299999.0,1265000.0,1,True,115.0,102.0,-0.12315317165628592,-0.0988932806324111,360.7278481012658
10110 175th Pl SE,98296,Snohomish,Bothell & Mill Creek,Bothell & Woodinville,2234.0,889000,2026-09-18,910000.0,889000.0,1,False,58.0,46.0,-0.023076923076923106,0.0,397.94091316025066
6709 124th Pl SE,98296,Snohomish,Bothell & Mill Creek,Bothell & Woodinville,3107.0,1165000,2026-09-15,1175000.0,1175000.0,0,False,20.0,6.0,-0.008510638297872353,-0.008510638297872353,374.9597682652076
7011 136th Pl SE,98296,Snohomish,Bothell & Mill Creek,Bothell & Woodinville,2957.0,1045000,2026-09-14,1098000.0,1065000.0,1,False,79.0,55.0,-0.04826958105646628,-0.018779342723004744,353.39871491376397
19232 Yew Way,98296,Snohomish,Bothell & Mill Creek,Bothell & Woodinville,2172.0,799850,2026-09-14,999850.0,899850.0,2,True,59.0,38.0,-0.2000300045006751,-0.11112963271656384,368.2550644567219
8107 132nd Pl SE,98296,Snohomish,Bothell & Mill Creek,Bothell & Woodinville,3346.0,1350000,2026-09-11,1390000.0,1350000.0,1,False,113.0,78.0,-0.02877697841726623,0.0,403.46682606096834
6930 191st St SE,98296,Snohomish,Bothell & Mill Creek,Bothell & Woodinville,2766.0,945000,2026-09-10,1090000.0,975000.0,2,True,203.0,187.0,-0.1330275229357798,-0.03076923076923077,341.648590021692
17430 Interurban Blvd,98296,Snohomish,Bothell & Mill Creek,Bothell & Woodinville,3168.0,1750000,2026-09-09,1750000.0,1750000.0,0,False,34.0,5.0,0.0,0.0,552.39898989899
15406 72nd Dr SE,98296,Snohomish,Bothell & Mill Creek,Bothell & Woodinville,2805.0,1265000,2026-09-08,1265000.0,1265000.0,0,False,25.0,2.0,0.0,0.0,450.98039215686276
13720 233rd St SE,98296,Snohomish,Bothell & Mill Creek,Bothell & Woodinville,4132.0,1630000,2026-09-04,1650000.0,1650000.0,0,False,35.0,7.0,-0.012121212121212088,-0.012121212121212088,394.48209099709584
14515 Cascade Dr SE,98296,Snohomish,Bothell & Mill Creek,Bothell & Woodinville,2114.0,980000,2026-09-03,980000.0,980000.0,0,False,35.0,4.0,0.0,0.0,463.57615894039736
13107 58th Dr SE,98296,Snohomish,Bothell & Mill Creek,Bothell & Woodinville,2200.0,875000,2026-09-03,890000.0,890000.0,0,False,21.0,5.0,-0.016853932584269704,-0.016853932584269704,397.72727272727275
13614 70th Dr SE,98296,Snohomish,Bothell & Mill Creek,Bothell & Woodinville,3528.0,1075000,2026-09-02,1099950.0,1099950.0,0,False,56.0,31.0,-0.022682849220419077,-0.022682849220419077,304.70521541950114
9509 150th St SE,98296,Snohomish,Bothell & Mill Creek,Bothell & Woodinville,2746.0,865000,2026-09-02,1000000.0,1000000.0,0,True,79.0,64.0,-0.135,-0.135,315.0036416605972
13915 66th Ave SE,98296,Snohomish,Bothell & Mill Creek,Bothell & Woodinville,2425.0,960000,2026-09-02,989000.0,960000.0,1,False,56.0,41.0,-0.029322548028311468,0.0,395.87628865979383
22003 Villa Dr,98296,Snohomish,Bothell & Mill Creek,Bothell & Woodinville,1982.0,790000,2026-09-02,850000.0,850000.0,0,True,82.0,52.0,-0.07058823529411762,-0.07058823529411762,398.5872855701312
18930 State Route 9 SE,98296,Snohomish,Bothell & Mill Creek,Bothell & Woodinville,1932.0,925000,2026-09-01,949950.0,949950.0,0,False,53.0,4.0,-0.026264540238959966,-0.026264540238959966,478.7784679089027
10324 133rd Pl SE,98296,Snohomish,Bothell & Mill Creek,Bothell & Woodinville,2480.0,1010000,2026-08-31,1099999.0,1079999.0,1,False,74.0,50.0,-0.0818173471066792,-0.06481394890180459,407.258064516129
15023 228th St SE,98296,Snohomish,Bothell & Mill Creek,Bothell & Woodinville,2170.0,950000,2026-08-28,1000000.0,975000.0,1,False,80.0,64.0,-0.050000000000000044,-0.02564102564102566,437.78801843317973
7526 150th St SE,98296,Snohomish,Bothell & Mill Creek,Bothell & Woodinville,3054.0,1175000,2026-08-24,1195000.0,1195000.0,0,False,72.0,41.0,-0.01673640167364021,-0.01673640167364021,384.7413228552718
4205 Regency Pl,98014,Carnation,Snoqualmie Valley,Far East King,1140.0,510000,2026-09-17,495000.0,495000.0,0,False,28.0,11.0,0.030303030303030276,0.030303030303030276,447.36842105263156
31133 NE 111th St,98014,Carnation,Snoqualmie Valley,Far East King,1890.0,500000,2026-09-16,549950.0,524950.0,1,False,63.0,36.0,-0.09082643876716068,-0.047528336032003016,264.55026455026456
3630 Stossel Ave,98014,Carnation,Snoqualmie Valley,Far East King,3437.0,1415417,2026-09-16,1406995.0,1406995.0,1,True,544.0,370.0,0.0059858066304427915,0.0059858066304427915,411.8175734652313
31733 W Rutherford St,98014,Carnation,Snoqualmie Valley,Far East King,950.0,475000,2026-09-09,475000.0,475000.0,0,False,56.0,2.0,0.0,0.0,500.0
28539 NE Tolt Hill Rd,98014,Carnation,Snoqualmie Valley,Far East King,2700.0,1030000,2026-09-04,1199000.0,1050000.0,3,False,126.0,103.0,-0.14095079232693908,-0.01904761904761909,381.48148148148147
4351 333rd Ave NE,98014,Carnation,Snoqualmie Valley,Far East King,3530.0,1190000,2026-08-24,1199900.0,1150000.0,3,False,144.0,115.0,-0.00825068755729641,0.034782608695652195,337.1104815864023
18929 296th Pl NE,98019,Duvall,Snoqualmie Valley,Far East King,4237.0,1815000,2026-09-21,1850000.0,1699000.0,2,True,368.0,320.0,-0.018918918918918948,0.06827545615067687,428.3691291007789
15233 273rd Dr NE,98019,Duvall,Snoqualmie Valley,Far East King,2730.0,1000000,2026-09-17,1128000.0,1058000.0,3,True,125.0,100.0,-0.11347517730496459,-0.05482041587901698,366.3003663003663
26487 NE Valley St,98019,Duvall,Snoqualmie Valley,Far East King,1360.0,620000,2026-09-16,635000.0,620000.0,1,False,61.0,32.0,-0.023622047244094446,0.0,455.88235294117646
26716 NE Cherry St,98019,Duvall,Snoqualmie Valley,Far East King,2131.0,950000,2026-09-16,1000000.0,975000.0,1,False,62.0,35.0,-0.050000000000000044,-0.02564102564102566,445.80009385265134
14205 272nd Pl NE,98019,Duvall,Snoqualmie Valley,Far East King,2060.0,925000,2026-09-15,949950.0,949950.0,0,False,67.0,31.0,-0.026264540238959966,-0.026264540238959966,449.02912621359224
27929 NE 149th Ct,98019,Duvall,Snoqualmie Valley,Far East King,1890.0,795000,2026-09-11,825000.0,825000.0,0,False,43.0,26.0,-0.036363636363636376,-0.036363636363636376,420.63492063492066
28622 NE 153rd St,98019,Duvall,Snoqualmie Valley,Far East King,2240.0,1025000,2026-09-02,1075000.0,1075000.0,0,False,48.0,25.0,-0.046511627906976716,-0.046511627906976716,457.5892857142857
26828 NE Bird St,98019,Duvall,Snoqualmie Valley,Far East King,1060.0,635000,2026-08-28,675000.0,625000.0,2,False,51.0,23.0,-0.059259259259259234,0.016000000000000014,599.0566037735849
16314 3rd Ave NE,98019,Duvall,Snoqualmie Valley,Far East King,1760.0,850000,2026-08-28,899999.0,870000.0,1,False,64.0,25.0,-0.05555450617167357,-0.02298850574712641,482.95454545454544
13801 283rd Ct NE,98019,Duvall,Snoqualmie Valley,Far East King,1990.0,830000,2026-08-28,900000.0,849900.0,2,False,85.0,73.0,-0.07777777777777772,-0.02341451935521821,417.0854271356784
27928 NE 147th Pl,98019,Duvall,Snoqualmie Valley,Far East King,2280.0,850000,2026-08-27,850000.0,850000.0,0,False,21.0,4.0,0.0,0.0,372.8070175438597
30409 NE 183rd St,98019,Duvall,Snoqualmie Valley,Far East King,1400.0,800000,2026-08-27,775000.0,775000.0,0,False,28.0,6.0,0.032258064516129004,0.032258064516129004,571.4285714285714
11807 322nd Ave NE,98019,Duvall,Snoqualmie Valley,Far East King,1460.0,910000,2026-08-25,925000.0,925000.0,0,False,203.0,175.0,-0.01621621621621616,-0.01621621621621616,623.2876712328767
29550 SE 64th St,98050,Preston,Snoqualmie Valley,Far East King,3490.0,1766000,2026-08-27,2395000.0,1895000.0,5,False,221.0,179.0,-0.2626304801670146,-0.06807387862796832,506.01719197707735
30024 SE 58th St,98050,Preston,Snoqualmie Valley,Far East King,4400.0,1370000,2026-08-27,1395000.0,1395000.0,0,False,41.0,11.0,-0.017921146953404965,-0.017921146953404965,311.3636363636364
33625 SE 47th St,98024,Fall City,Snoqualmie Valley,Far East King,2415.0,1195000,2026-09-18,1195000.0,1195000.0,0,False,22.0,5.0,0.0,0.0,494.824016563147
33306 SE 52nd St,98024,Fall City,Snoqualmie Valley,Far East King,2778.0,1200000,2026-08-27,1400000.0,1295000.0,2,True,105.0,76.0,-0.1428571428571429,-0.07335907335907332,431.9654427645788
28632 SE 8th St,98024,Fall City,Snoqualmie Valley,Far East King,7480.0,2685000,2026-08-25,2850000.0,2850000.0,0,False,49.0,29.0,-0.05789473684210522,-0.05789473684210522,358.9572192513369
8090 Silva Ave SE,98065,Snoqualmie,Snoqualmie Valley,Far East King,1770.0,500000,2026-09-19,630000.0,540000.0,1,False,45.0,24.0,-0.2063492063492064,-0.07407407407407407,282.4858757062147
8734 Falls Ave SE,98065,Snoqualmie,Snoqualmie Valley,Far East King,1560.0,895000,2026-09-18,895000.0,895000.0,0,False,48.0,22.0,0.0,0.0,573.7179487179487
36329 SE Isley St,98065,Snoqualmie,Snoqualmie Valley,Far East King,2260.0,975000,2026-09-18,975000.0,975000.0,0,False,9.0,3.0,0.0,0.0,431.4159292035398
34922 SE Swenson St,98065,Snoqualmie,Snoqualmie Valley,Far East King,2274.0,900000,2026-09-15,1075000.0,974995.0,3,False,103.0,71.0,-0.16279069767441856,-0.07691834317099067,395.77836411609496
34117 SE Ash St,98065,Snoqualmie,Snoqualmie Valley,Far East King,2780.0,1250000,2026-09-14,1434950.0,1299000.0,4,False,165.0,133.0,-0.1288895083452385,-0.03772132409545803,449.64028776978415
7513 Pinnacle Pl SE,98065,Snoqualmie,Snoqualmie Valley,Far East King,2980.0,1109000,2026-09-11,1299950.0,1249950.0,1,False,66.0,33.0,-0.14689026501019264,-0.11276451058042325,372.1476510067114
6627 Silent Creek Ave SE,98065,Snoqualmie,Snoqualmie Valley,Far East King,3150.0,1350000,2026-09-11,1399950.0,1399950.0,0,False,43.0,15.0,-0.03567984570877536,-0.03567984570877536,428.57142857142856
6619 Silent Creek Ave SE,98065,Snoqualmie,Snoqualmie Valley,Far East King,3130.0,1050000,2026-09-09,1250000.0,1150000.0,1,False,36.0,15.0,-0.16000000000000003,-0.08695652173913049,335.4632587859425
35008 Rhododendron Dr SE,98065,Snoqualmie,Snoqualmie Valley,Far East King,2787.0,1400000,2026-09-03,1398500.0,1398500.0,0,False,22.0,2.0,0.0010725777618876275,0.0010725777618876275,502.33225690706854
7709 Greenridge Ct SE,98065,Snoqualmie,Snoqualmie Valley,Far East King,2811.0,1265000,2026-08-31,1445000.0,1350000.0,2,False,145.0,105.0,-0.12456747404844293,-0.062962962962963,450.01778726431877
34702 SE Kinsey St,98065,Snoqualmie,Snoqualmie Valley,Far East King,1800.0,880000,2026-08-27,965000.0,920000.0,2,True,147.0,130.0,-0.08808290155440412,-0.04347826086956519,488.8888888888889
35007 SE Terrace St,98065,Snoqualmie,Snoqualmie Valley,Far East King,1650.0,845000,2026-08-27,875000.0,875000.0,0,False,42.0,11.0,-0.03428571428571425,-0.03428571428571425,512.1212121212121
6214 Douglas Ave SE,98065,Snoqualmie,Snoqualmie Valley,Far East King,2600.0,1210000,2026-08-25,1288800.0,1225000.0,2,False,75.0,45.0,-0.06114214773432647,-0.01224489795918371,465.38461538461536
